meeting_key,session_key,driver_number,broadcast_name,full_name,name_acronym,team_name,team_colour,first_name,last_name,headshot_url,country_code
1254,9693,1,M VERSTAPPEN,Max VERSTAPPEN,VER,Red Bull Racing,3671C6,Max,Verstappen,https://media.formula1.com/d_driver_fallback_image.png/content/dam/fom-website/drivers/M/MAXVER01_Max_Verstappen/maxver01.png.transform/1col/image.png,
1254,9693,4,L NORRIS,Lando NORRIS,NOR,McLaren,FF8000,Lando,Norris,https://media.formula1.com/d_driver_fallback_image.png/content/dam/fom-website/drivers/L/LANNOR01_Lando_Norris/lannor01.png.transform/1col/image.png,
1254,9693,5,G BORTOLETO,Gabriel BORTOLETO,BOR,Kick Sauber,52E252,Gabriel,Bortoleto,https://media.formula1.com/d_driver_fallback_image.png/content/dam/fom-website/drivers/G/GABBOR01_Gabriel_Bortoleto/gabbor01.png.transform/1col/image.png,
1254,9693,6,I HADJAR,Isack HADJAR,HAD,Racing Bulls,6692FF,Isack,Hadjar,https://media.formula1.com/d_driver_fallback_image.png/content/dam/fom-website/drivers/I/ISAHAD01_Isack_Hadjar/isahad01.png.transform/1col/image.png,
1254,9693,7,J DOOHAN,Jack DOOHAN,DOO,Alpine,0093CC,Jack,Doohan,https://media.formula1.com/d_driver_fallback_image.png/content/dam/fom-website/drivers/J/JACDOO01_Jack_Doohan/jacdoo01.png.transform/1col/image.png,
1254,9693,10,P GASLY,Pierre GASLY,GAS,Alpine,0093CC,Pierre,Gasly,https://media.formula1.com/d_driver_fallback_image.png/content/dam/fom-website/drivers/P/PIEGAS01_Pierre_Gasly/piegas01.png.transform/1col/image.png,
1254,9693,12,A ANTONELLI,Andrea Kimi ANTONELLI,ANT,Mercedes,27F4D2,Andrea Kimi,Antonelli,https://media.formula1.com/d_driver_fallback_image.png/content/dam/fom-website/drivers/A/ANDANT01_Andrea%20Kimi_Antonelli/andant01.png.transform/1col/image.png,
1254,9693,14,F ALONSO,Fernando ALONSO,ALO,Aston Martin,229971,Fernando,Alonso,https://media.formula1.com/d_driver_fallback_image.png/content/dam/fom-website/drivers/F/FERALO01_Fernando_Alonso/feralo01.png.transform/1col/image.png,
1254,9693,16,C LECLERC,Charles LECLERC,LEC,Ferrari,E80020,Charles,Leclerc,https://media.formula1.com/d_driver_fallback_image.png/content/dam/fom-website/drivers/C/CHALEC01_Charles_Leclerc/chalec01.png.transform/1col/image.png,
1254,9693,18,L STROLL,Lance STROLL,STR,Aston Martin,229971,Lance,Stroll,https://media.formula1.com/d_driver_fallback_image.png/content/dam/fom-website/drivers/L/LANSTR01_Lance_Stroll/lanstr01.png.transform/1col/image.png,
1254,9693,22,Y TSUNODA,Yuki TSUNODA,TSU,Racing Bulls,6692FF,Yuki,Tsunoda,https://media.formula1.com/d_driver_fallback_image.png/content/dam/fom-website/drivers/Y/YUKTSU01_Yuki_Tsunoda/yuktsu01.png.transform/1col/image.png,
1254,9693,23,A ALBON,Alexander ALBON,ALB,Williams,64C4FF,Alexander,Albon,https://media.formula1.com/d_driver_fallback_image.png/content/dam/fom-website/drivers/A/ALEALB01_Alexander_Albon/alealb01.png.transform/1col/image.png,
1254,9693,27,N HULKENBERG,Nico HULKENBERG,HUL,Kick Sauber,52E252,Nico,Hulkenberg,https://media.formula1.com/d_driver_fallback_image.png/content/dam/fom-website/drivers/N/NICHUL01_Nico_Hulkenberg/nichul01.png.transform/1col/image.png,
1254,9693,30,L LAWSON,Liam LAWSON,LAW,Red Bull Racing,3671C6,Liam,Lawson,https://media.formula1.com/d_driver_fallback_image.png/content/dam/fom-website/drivers/L/LIALAW01_Liam_Lawson/lialaw01.png.transform/1col/image.png,
1254,9693,31,E OCON,Esteban OCON,OCO,Haas F1 Team,B6BABD,Esteban,Ocon,https://media.formula1.com/d_driver_fallback_image.png/content/dam/fom-website/drivers/E/ESTOCO01_Esteban_Ocon/estoco01.png.transform/1col/image.png,
1254,9693,44,L HAMILTON,Lewis HAMILTON,HAM,Ferrari,E80020,Lewis,Hamilton,https://media.formula1.com/d_driver_fallback_image.png/content/dam/fom-website/drivers/L/LEWHAM01_Lewis_Hamilton/lewham01.png.transform/1col/image.png,
1254,9693,55,C SAINZ,Carlos SAINZ,SAI,Williams,64C4FF,Carlos,Sainz,https://media.formula1.com/d_driver_fallback_image.png/content/dam/fom-website/drivers/C/CARSAI01_Carlos_Sainz/carsai01.png.transform/1col/image.png,
1254,9693,63,G RUSSELL,George RUSSELL,RUS,Mercedes,27F4D2,George,Russell,https://media.formula1.com/d_driver_fallback_image.png/content/dam/fom-website/drivers/G/GEORUS01_George_Russell/georus01.png.transform/1col/image.png,
1254,9693,81,O PIASTRI,Oscar PIASTRI,PIA,McLaren,FF8000,Oscar,Piastri,https://media.formula1.com/d_driver_fallback_image.png/content/dam/fom-website/drivers/O/OSCPIA01_Oscar_Piastri/oscpia01.png.transform/1col/image.png,
1254,9693,87,O BEARMAN,Oliver BEARMAN,BEA,Haas F1 Team,B6BABD,Oliver,Bearman,https://media.formula1.com/d_driver_fallback_image.png/content/dam/fom-website/drivers/O/OLIBEA01_Oliver_Bearman/olibea01.png.transform/1col/image.png,
1255,9998,1,M VERSTAPPEN,Max VERSTAPPEN,VER,Red Bull Racing,3671C6,Max,Verstappen,https://media.formula1.com/d_driver_fallback_image.png/content/dam/fom-website/drivers/M/MAXVER01_Max_Verstappen/maxver01.png.transform/1col/image.png,
1255,9998,4,L NORRIS,Lando NORRIS,NOR,McLaren,FF8000,Lando,Norris,https://media.formula1.com/d_driver_fallback_image.png/content/dam/fom-website/drivers/L/LANNOR01_Lando_Norris/lannor01.png.transform/1col/image.png,
1255,9998,5,G BORTOLETO,Gabriel BORTOLETO,BOR,Kick Sauber,52E252,Gabriel,Bortoleto,https://media.formula1.com/d_driver_fallback_image.png/content/dam/fom-website/drivers/G/GABBOR01_Gabriel_Bortoleto/gabbor01.png.transform/1col/image.png,
1255,9998,6,I HADJAR,Isack HADJAR,HAD,Racing Bulls,6692FF,Isack,Hadjar,https://media.formula1.com/d_driver_fallback_image.png/content/dam/fom-website/drivers/I/ISAHAD01_Isack_Hadjar/isahad01.png.transform/1col/image.png,
1255,9998,7,J DOOHAN,Jack DOOHAN,DOO,Alpine,0093CC,Jack,Doohan,https://media.formula1.com/d_driver_fallback_image.png/content/dam/fom-website/drivers/J/JACDOO01_Jack_Doohan/jacdoo01.png.transform/1col/image.png,
1255,9998,10,P GASLY,Pierre GASLY,GAS,Alpine,0093CC,Pierre,Gasly,https://media.formula1.com/d_driver_fallback_image.png/content/dam/fom-website/drivers/P/PIEGAS01_Pierre_Gasly/piegas01.png.transform/1col/image.png,
1255,9998,12,K ANTONELLI,Kimi ANTONELLI,ANT,Mercedes,27F4D2,Kimi,Antonelli,https://media.formula1.com/d_driver_fallback_image.png/content/dam/fom-website/drivers/A/ANDANT01_Andrea%20Kimi_Antonelli/andant01.png.transform/1col/image.png,
1255,9998,14,F ALONSO,Fernando ALONSO,ALO,Aston Martin,229971,Fernando,Alonso,https://media.formula1.com/d_driver_fallback_image.png/content/dam/fom-website/drivers/F/FERALO01_Fernando_Alonso/feralo01.png.transform/1col/image.png,
1255,9998,16,C LECLERC,Charles LECLERC,LEC,Ferrari,E80020,Charles,Leclerc,https://media.formula1.com/d_driver_fallback_image.png/content/dam/fom-website/drivers/C/CHALEC01_Charles_Leclerc/chalec01.png.transform/1col/image.png,
1255,9998,18,L STROLL,Lance STROLL,STR,Aston Martin,229971,Lance,Stroll,https://media.formula1.com/d_driver_fallback_image.png/content/dam/fom-website/drivers/L/LANSTR01_Lance_Stroll/lanstr01.png.transform/1col/image.png,
1255,9998,22,Y TSUNODA,Yuki TSUNODA,TSU,Racing Bulls,6692FF,Yuki,Tsunoda,https://media.formula1.com/d_driver_fallback_image.png/content/dam/fom-website/drivers/Y/YUKTSU01_Yuki_Tsunoda/yuktsu01.png.transform/1col/image.png,
1255,9998,23,A ALBON,Alexander ALBON,ALB,Williams,64C4FF,Alexander,Albon,https://media.formula1.com/d_driver_fallback_image.png/content/dam/fom-website/drivers/A/ALEALB01_Alexander_Albon/alealb01.png.transform/1col/image.png,
1255,9998,27,N HULKENBERG,Nico HULKENBERG,HUL,Kick Sauber,52E252,Nico,Hulkenberg,https://media.formula1.com/d_driver_fallback_image.png/content/dam/fom-website/drivers/N/NICHUL01_Nico_Hulkenberg/nichul01.png.transform/1col/image.png,
1255,9998,30,L LAWSON,Liam LAWSON,LAW,Red Bull Racing,3671C6,Liam,Lawson,https://media.formula1.com/d_driver_fallback_image.png/content/dam/fom-website/drivers/L/LIALAW01_Liam_Lawson/lialaw01.png.transform/1col/image.png,
1255,9998,31,E OCON,Esteban OCON,OCO,Haas F1 Team,B6BABD,Esteban,Ocon,https://media.formula1.com/d_driver_fallback_image.png/content/dam/fom-website/drivers/E/ESTOCO01_Esteban_Ocon/estoco01.png.transform/1col/image.png,
1255,9998,44,L HAMILTON,Lewis HAMILTON,HAM,Ferrari,E80020,Lewis,Hamilton,https://media.formula1.com/d_driver_fallback_image.png/content/dam/fom-website/drivers/L/LEWHAM01_Lewis_Hamilton/lewham01.png.transform/1col/image.png,
1255,9998,55,C SAINZ,Carlos SAINZ,SAI,Williams,64C4FF,Carlos,Sainz,https://media.formula1.com/d_driver_fallback_image.png/content/dam/fom-website/drivers/C/CARSAI01_Carlos_Sainz/carsai01.png.transform/1col/image.png,
1255,9998,63,G RUSSELL,George RUSSELL,RUS,Mercedes,27F4D2,George,Russell,https://media.formula1.com/d_driver_fallback_image.png/content/dam/fom-website/drivers/G/GEORUS01_George_Russell/georus01.png.transform/1col/image.png,
1255,9998,81,O PIASTRI,Oscar PIASTRI,PIA,McLaren,FF8000,Oscar,Piastri,https://media.formula1.com/d_driver_fallback_image.png/content/dam/fom-website/drivers/O/OSCPIA01_Oscar_Piastri/oscpia01.png.transform/1col/image.png,
1255,9998,87,O BEARMAN,Oliver BEARMAN,BEA,Haas F1 Team,B6BABD,Oliver,Bearman,https://media.formula1.com/d_driver_fallback_image.png/content/dam/fom-website/drivers/O/OLIBEA01_Oliver_Bearman/olibea01.png.transform/1col/image.png,
1256,10006,1,M VERSTAPPEN,Max VERSTAPPEN,VER,Red Bull Racing,3671C6,Max,Verstappen,https://media.formula1.com/d_driver_fallback_image.png/content/dam/fom-website/drivers/M/MAXVER01_Max_Verstappen/maxver01.png.transform/1col/image.png,
1256,10006,4,L NORRIS,Lando NORRIS,NOR,McLaren,FF8000,Lando,Norris,https://media.formula1.com/d_driver_fallback_image.png/content/dam/fom-website/drivers/L/LANNOR01_Lando_Norris/lannor01.png.transform/1col/image.png,
1256,10006,5,G BORTOLETO,Gabriel BORTOLETO,BOR,Kick Sauber,52E252,Gabriel,Bortoleto,https://media.formula1.com/d_driver_fallback_image.png/content/dam/fom-website/drivers/G/GABBOR01_Gabriel_Bortoleto/gabbor01.png.transform/1col/image.png,
1256,10006,6,I HADJAR,Isack HADJAR,HAD,Racing Bulls,6692FF,Isack,Hadjar,https://media.formula1.com/d_driver_fallback_image.png/content/dam/fom-website/drivers/I/ISAHAD01_Isack_Hadjar/isahad01.png.transform/1col/image.png,
1256,10006,7,J DOOHAN,Jack DOOHAN,DOO,Alpine,0093CC,Jack,Doohan,https://media.formula1.com/d_driver_fallback_image.png/content/dam/fom-website/drivers/J/JACDOO01_Jack_Doohan/jacdoo01.png.transform/1col/image.png,
1256,10006,10,P GASLY,Pierre GASLY,GAS,Alpine,0093CC,Pierre,Gasly,https://media.formula1.com/d_driver_fallback_image.png/content/dam/fom-website/drivers/P/PIEGAS01_Pierre_Gasly/piegas01.png.transform/1col/image.png,
1256,10006,12,K ANTONELLI,Kimi ANTONELLI,ANT,Mercedes,27F4D2,Kimi,Antonelli,https://media.formula1.com/d_driver_fallback_image.png/content/dam/fom-website/drivers/A/ANDANT01_Andrea%20Kimi_Antonelli/andant01.png.transform/1col/image.png,
1256,10006,14,F ALONSO,Fernando ALONSO,ALO,Aston Martin,229971,Fernando,Alonso,https://media.formula1.com/d_driver_fallback_image.png/content/dam/fom-website/drivers/F/FERALO01_Fernando_Alonso/feralo01.png.transform/1col/image.png,
1256,10006,16,C LECLERC,Charles LECLERC,LEC,Ferrari,E80020,Charles,Leclerc,https://media.formula1.com/d_driver_fallback_image.png/content/dam/fom-website/drivers/C/CHALEC01_Charles_Leclerc/chalec01.png.transform/1col/image.png,
1256,10006,18,L STROLL,Lance STROLL,STR,Aston Martin,229971,Lance,Stroll,https://media.formula1.com/d_driver_fallback_image.png/content/dam/fom-website/drivers/L/LANSTR01_Lance_Stroll/lanstr01.png.transform/1col/image.png,
1256,10006,22,Y TSUNODA,Yuki TSUNODA,TSU,Red Bull Racing,3671C6,Yuki,Tsunoda,https://media.formula1.com/d_driver_fallback_image.png/content/dam/fom-website/drivers/Y/YUKTSU01_Yuki_Tsunoda/yuktsu01.png.transform/1col/image.png,
1256,10006,23,A ALBON,Alexander ALBON,ALB,Williams,64C4FF,Alexander,Albon,https://media.formula1.com/d_driver_fallback_image.png/content/dam/fom-website/drivers/A/ALEALB01_Alexander_Albon/alealb01.png.transform/1col/image.png,
1256,10006,27,N HULKENBERG,Nico HULKENBERG,HUL,Kick Sauber,52E252,Nico,Hulkenberg,https://media.formula1.com/d_driver_fallback_image.png/content/dam/fom-website/drivers/N/NICHUL01_Nico_Hulkenberg/nichul01.png.transform/1col/image.png,
1256,10006,30,L LAWSON,Liam LAWSON,LAW,Racing Bulls,6692FF,Liam,Lawson,https://media.formula1.com/d_driver_fallback_image.png/content/dam/fom-website/drivers/L/LIALAW01_Liam_Lawson/lialaw01.png.transform/1col/image.png,
1256,10006,31,E OCON,Esteban OCON,OCO,Haas F1 Team,B6BABD,Esteban,Ocon,https://media.formula1.com/d_driver_fallback_image.png/content/dam/fom-website/drivers/E/ESTOCO01_Esteban_Ocon/estoco01.png.transform/1col/image.png,
1256,10006,44,L HAMILTON,Lewis HAMILTON,HAM,Ferrari,E80020,Lewis,Hamilton,https://media.formula1.com/d_driver_fallback_image.png/content/dam/fom-website/drivers/L/LEWHAM01_Lewis_Hamilton/lewham01.png.transform/1col/image.png,
1256,10006,55,C SAINZ,Carlos SAINZ,SAI,Williams,64C4FF,Carlos,Sainz,https://media.formula1.com/d_driver_fallback_image.png/content/dam/fom-website/drivers/C/CARSAI01_Carlos_Sainz/carsai01.png.transform/1col/image.png,
1256,10006,63,G RUSSELL,George RUSSELL,RUS,Mercedes,27F4D2,George,Russell,https://media.formula1.com/d_driver_fallback_image.png/content/dam/fom-website/drivers/G/GEORUS01_George_Russell/georus01.png.transform/1col/image.png,
1256,10006,81,O PIASTRI,Oscar PIASTRI,PIA,McLaren,FF8000,Oscar,Piastri,https://media.formula1.com/d_driver_fallback_image.png/content/dam/fom-website/drivers/O/OSCPIA01_Oscar_Piastri/oscpia01.png.transform/1col/image.png,
1256,10006,87,O BEARMAN,Oliver BEARMAN,BEA,Haas F1 Team,B6BABD,Oliver,Bearman,https://media.formula1.com/d_driver_fallback_image.png/content/dam/fom-website/drivers/O/OLIBEA01_Oliver_Bearman/olibea01.png.transform/1col/image.png,
1257,10014,1,M VERSTAPPEN,Max VERSTAPPEN,VER,Red Bull Racing,3671C6,Max,Verstappen,https://media.formula1.com/d_driver_fallback_image.png/content/dam/fom-website/drivers/M/MAXVER01_Max_Verstappen/maxver01.png.transform/1col/image.png,
1257,10014,4,L NORRIS,Lando NORRIS,NOR,McLaren,FF8000,Lando,Norris,https://media.formula1.com/d_driver_fallback_image.png/content/dam/fom-website/drivers/L/LANNOR01_Lando_Norris/lannor01.png.transform/1col/image.png,
1257,10014,5,G BORTOLETO,Gabriel BORTOLETO,BOR,Kick Sauber,52E252,Gabriel,Bortoleto,https://media.formula1.com/d_driver_fallback_image.png/content/dam/fom-website/drivers/G/GABBOR01_Gabriel_Bortoleto/gabbor01.png.transform/1col/image.png,
1257,10014,6,I HADJAR,Isack HADJAR,HAD,Racing Bulls,6692FF,Isack,Hadjar,https://media.formula1.com/d_driver_fallback_image.png/content/dam/fom-website/drivers/I/ISAHAD01_Isack_Hadjar/isahad01.png.transform/1col/image.png,
1257,10014,7,J DOOHAN,Jack DOOHAN,DOO,Alpine,0093CC,Jack,Doohan,https://media.formula1.com/d_driver_fallback_image.png/content/dam/fom-website/drivers/J/JACDOO01_Jack_Doohan/jacdoo01.png.transform/1col/image.png,
1257,10014,10,P GASLY,Pierre GASLY,GAS,Alpine,0093CC,Pierre,Gasly,https://media.formula1.com/d_driver_fallback_image.png/content/dam/fom-website/drivers/P/PIEGAS01_Pierre_Gasly/piegas01.png.transform/1col/image.png,
1257,10014,12,K ANTONELLI,Kimi ANTONELLI,ANT,Mercedes,27F4D2,Kimi,Antonelli,https://media.formula1.com/d_driver_fallback_image.png/content/dam/fom-website/drivers/A/ANDANT01_Andrea%20Kimi_Antonelli/andant01.png.transform/1col/image.png,
1257,10014,14,F ALONSO,Fernando ALONSO,ALO,Aston Martin,229971,Fernando,Alonso,https://media.formula1.com/d_driver_fallback_image.png/content/dam/fom-website/drivers/F/FERALO01_Fernando_Alonso/feralo01.png.transform/1col/image.png,
1257,10014,16,C LECLERC,Charles LECLERC,LEC,Ferrari,E80020,Charles,Leclerc,https://media.formula1.com/d_driver_fallback_image.png/content/dam/fom-website/drivers/C/CHALEC01_Charles_Leclerc/chalec01.png.transform/1col/image.png,
1257,10014,18,L STROLL,Lance STROLL,STR,Aston Martin,229971,Lance,Stroll,https://media.formula1.com/d_driver_fallback_image.png/content/dam/fom-website/drivers/L/LANSTR01_Lance_Stroll/lanstr01.png.transform/1col/image.png,
1257,10014,22,Y TSUNODA,Yuki TSUNODA,TSU,Red Bull Racing,3671C6,Yuki,Tsunoda,https://media.formula1.com/d_driver_fallback_image.png/content/dam/fom-website/drivers/Y/YUKTSU01_Yuki_Tsunoda/yuktsu01.png.transform/1col/image.png,
1257,10014,23,A ALBON,Alexander ALBON,ALB,Williams,64C4FF,Alexander,Albon,https://media.formula1.com/d_driver_fallback_image.png/content/dam/fom-website/drivers/A/ALEALB01_Alexander_Albon/alealb01.png.transform/1col/image.png,
1257,10014,27,N HULKENBERG,Nico HULKENBERG,HUL,Kick Sauber,52E252,Nico,Hulkenberg,https://media.formula1.com/d_driver_fallback_image.png/content/dam/fom-website/drivers/N/NICHUL01_Nico_Hulkenberg/nichul01.png.transform/1col/image.png,
1257,10014,30,L LAWSON,Liam LAWSON,LAW,Racing Bulls,6692FF,Liam,Lawson,https://media.formula1.com/d_driver_fallback_image.png/content/dam/fom-website/drivers/L/LIALAW01_Liam_Lawson/lialaw01.png.transform/1col/image.png,
1257,10014,31,E OCON,Esteban OCON,OCO,Haas F1 Team,B6BABD,Esteban,Ocon,https://media.formula1.com/d_driver_fallback_image.png/content/dam/fom-website/drivers/E/ESTOCO01_Esteban_Ocon/estoco01.png.transform/1col/image.png,
1257,10014,44,L HAMILTON,Lewis HAMILTON,HAM,Ferrari,E80020,Lewis,Hamilton,https://media.formula1.com/d_driver_fallback_image.png/content/dam/fom-website/drivers/L/LEWHAM01_Lewis_Hamilton/lewham01.png.transform/1col/image.png,
1257,10014,55,C SAINZ,Carlos SAINZ,SAI,Williams,64C4FF,Carlos,Sainz,https://media.formula1.com/d_driver_fallback_image.png/content/dam/fom-website/drivers/C/CARSAI01_Carlos_Sainz/carsai01.png.transform/1col/image.png,
1257,10014,63,G RUSSELL,George RUSSELL,RUS,Mercedes,27F4D2,George,Russell,https://media.formula1.com/d_driver_fallback_image.png/content/dam/fom-website/drivers/G/GEORUS01_George_Russell/georus01.png.transform/1col/image.png,
1257,10014,81,O PIASTRI,Oscar PIASTRI,PIA,McLaren,FF8000,Oscar,Piastri,https://media.formula1.com/d_driver_fallback_image.png/content/dam/fom-website/drivers/O/OSCPIA01_Oscar_Piastri/oscpia01.png.transform/1col/image.png,
1257,10014,87,O BEARMAN,Oliver BEARMAN,BEA,Haas F1 Team,B6BABD,Oliver,Bearman,https://media.formula1.com/d_driver_fallback_image.png/content/dam/fom-website/drivers/O/OLIBEA01_Oliver_Bearman/olibea01.png.transform/1col/image.png,
1258,10022,1,M VERSTAPPEN,Max VERSTAPPEN,VER,Red Bull Racing,3671C6,Max,Verstappen,https://media.formula1.com/d_driver_fallback_image.png/content/dam/fom-website/drivers/M/MAXVER01_Max_Verstappen/maxver01.png.transform/1col/image.png,
1258,10022,4,L NORRIS,Lando NORRIS,NOR,McLaren,FF8000,Lando,Norris,https://media.formula1.com/d_driver_fallback_image.png/content/dam/fom-website/drivers/L/LANNOR01_Lando_Norris/lannor01.png.transform/1col/image.png,
1258,10022,5,G BORTOLETO,Gabriel BORTOLETO,BOR,Kick Sauber,52E252,Gabriel,Bortoleto,https://media.formula1.com/d_driver_fallback_image.png/content/dam/fom-website/drivers/G/GABBOR01_Gabriel_Bortoleto/gabbor01.png.transform/1col/image.png,
1258,10022,6,I HADJAR,Isack HADJAR,HAD,Racing Bulls,6692FF,Isack,Hadjar,https://media.formula1.com/d_driver_fallback_image.png/content/dam/fom-website/drivers/I/ISAHAD01_Isack_Hadjar/isahad01.png.transform/1col/image.png,
1258,10022,7,J DOOHAN,Jack DOOHAN,DOO,Alpine,0093CC,Jack,Doohan,https://media.formula1.com/d_driver_fallback_image.png/content/dam/fom-website/drivers/J/JACDOO01_Jack_Doohan/jacdoo01.png.transform/1col/image.png,
1258,10022,10,P GASLY,Pierre GASLY,GAS,Alpine,0093CC,Pierre,Gasly,https://media.formula1.com/d_driver_fallback_image.png/content/dam/fom-website/drivers/P/PIEGAS01_Pierre_Gasly/piegas01.png.transform/1col/image.png,
1258,10022,12,K ANTONELLI,Kimi ANTONELLI,ANT,Mercedes,27F4D2,Kimi,Antonelli,https://media.formula1.com/d_driver_fallback_image.png/content/dam/fom-website/drivers/A/ANDANT01_Andrea%20Kimi_Antonelli/andant01.png.transform/1col/image.png,
1258,10022,14,F ALONSO,Fernando ALONSO,ALO,Aston Martin,229971,Fernando,Alonso,https://media.formula1.com/d_driver_fallback_image.png/content/dam/fom-website/drivers/F/FERALO01_Fernando_Alonso/feralo01.png.transform/1col/image.png,
1258,10022,16,C LECLERC,Charles LECLERC,LEC,Ferrari,E80020,Charles,Leclerc,https://media.formula1.com/d_driver_fallback_image.png/content/dam/fom-website/drivers/C/CHALEC01_Charles_Leclerc/chalec01.png.transform/1col/image.png,
1258,10022,18,L STROLL,Lance STROLL,STR,Aston Martin,229971,Lance,Stroll,https://media.formula1.com/d_driver_fallback_image.png/content/dam/fom-website/drivers/L/LANSTR01_Lance_Stroll/lanstr01.png.transform/1col/image.png,
1258,10022,22,Y TSUNODA,Yuki TSUNODA,TSU,Red Bull Racing,3671C6,Yuki,Tsunoda,https://media.formula1.com/d_driver_fallback_image.png/content/dam/fom-website/drivers/Y/YUKTSU01_Yuki_Tsunoda/yuktsu01.png.transform/1col/image.png,
1258,10022,23,A ALBON,Alexander ALBON,ALB,Williams,64C4FF,Alexander,Albon,https://media.formula1.com/d_driver_fallback_image.png/content/dam/fom-website/drivers/A/ALEALB01_Alexander_Albon/alealb01.png.transform/1col/image.png,
1258,10022,27,N HULKENBERG,Nico HULKENBERG,HUL,Kick Sauber,52E252,Nico,Hulkenberg,https://media.formula1.com/d_driver_fallback_image.png/content/dam/fom-website/drivers/N/NICHUL01_Nico_Hulkenberg/nichul01.png.transform/1col/image.png,
1258,10022,30,L LAWSON,Liam LAWSON,LAW,Racing Bulls,6692FF,Liam,Lawson,https://media.formula1.com/d_driver_fallback_image.png/content/dam/fom-website/drivers/L/LIALAW01_Liam_Lawson/lialaw01.png.transform/1col/image.png,
1258,10022,31,E OCON,Esteban OCON,OCO,Haas F1 Team,B6BABD,Esteban,Ocon,https://media.formula1.com/d_driver_fallback_image.png/content/dam/fom-website/drivers/E/ESTOCO01_Esteban_Ocon/estoco01.png.transform/1col/image.png,
1258,10022,44,L HAMILTON,Lewis HAMILTON,HAM,Ferrari,E80020,Lewis,Hamilton,https://media.formula1.com/d_driver_fallback_image.png/content/dam/fom-website/drivers/L/LEWHAM01_Lewis_Hamilton/lewham01.png.transform/1col/image.png,
1258,10022,55,C SAINZ,Carlos SAINZ,SAI,Williams,64C4FF,Carlos,Sainz,https://media.formula1.com/d_driver_fallback_image.png/content/dam/fom-website/drivers/C/CARSAI01_Carlos_Sainz/carsai01.png.transform/1col/image.png,
1258,10022,63,G RUSSELL,George RUSSELL,RUS,Mercedes,27F4D2,George,Russell,https://media.formula1.com/d_driver_fallback_image.png/content/dam/fom-website/drivers/G/GEORUS01_George_Russell/georus01.png.transform/1col/image.png,
1258,10022,81,O PIASTRI,Oscar PIASTRI,PIA,McLaren,FF8000,Oscar,Piastri,https://media.formula1.com/d_driver_fallback_image.png/content/dam/fom-website/drivers/O/OSCPIA01_Oscar_Piastri/oscpia01.png.transform/1col/image.png,
1258,10022,87,O BEARMAN,Oliver BEARMAN,BEA,Haas F1 Team,B6BABD,Oliver,Bearman,https://media.formula1.com/d_driver_fallback_image.png/content/dam/fom-website/drivers/O/OLIBEA01_Oliver_Bearman/olibea01.png.transform/1col/image.png,
1259,10033,1,M VERSTAPPEN,Max VERSTAPPEN,VER,Red Bull Racing,3671C6,Max,Verstappen,https://media.formula1.com/d_driver_fallback_image.png/content/dam/fom-website/drivers/M/MAXVER01_Max_Verstappen/maxver01.png.transform/1col/image.png,
1259,10033,4,L NORRIS,Lando NORRIS,NOR,McLaren,FF8000,Lando,Norris,https://media.formula1.com/d_driver_fallback_image.png/content/dam/fom-website/drivers/L/LANNOR01_Lando_Norris/lannor01.png.transform/1col/image.png,
1259,10033,5,G BORTOLETO,Gabriel BORTOLETO,BOR,Kick Sauber,52E252,Gabriel,Bortoleto,https://media.formula1.com/d_driver_fallback_image.png/content/dam/fom-website/drivers/G/GABBOR01_Gabriel_Bortoleto/gabbor01.png.transform/1col/image.png,
1259,10033,6,I HADJAR,Isack HADJAR,HAD,Racing Bulls,6692FF,Isack,Hadjar,https://media.formula1.com/d_driver_fallback_image.png/content/dam/fom-website/drivers/I/ISAHAD01_Isack_Hadjar/isahad01.png.transform/1col/image.png,
1259,10033,7,J DOOHAN,Jack DOOHAN,DOO,Alpine,0093CC,Jack,Doohan,https://media.formula1.com/d_driver_fallback_image.png/content/dam/fom-website/drivers/J/JACDOO01_Jack_Doohan/jacdoo01.png.transform/1col/image.png,
1259,10033,10,P GASLY,Pierre GASLY,GAS,Alpine,0093CC,Pierre,Gasly,https://media.formula1.com/d_driver_fallback_image.png/content/dam/fom-website/drivers/P/PIEGAS01_Pierre_Gasly/piegas01.png.transform/1col/image.png,
1259,10033,12,K ANTONELLI,Kimi ANTONELLI,ANT,Mercedes,27F4D2,Kimi,Antonelli,https://media.formula1.com/d_driver_fallback_image.png/content/dam/fom-website/drivers/A/ANDANT01_Andrea%20Kimi_Antonelli/andant01.png.transform/1col/image.png,
1259,10033,14,F ALONSO,Fernando ALONSO,ALO,Aston Martin,229971,Fernando,Alonso,https://media.formula1.com/d_driver_fallback_image.png/content/dam/fom-website/drivers/F/FERALO01_Fernando_Alonso/feralo01.png.transform/1col/image.png,
1259,10033,16,C LECLERC,Charles LECLERC,LEC,Ferrari,E80020,Charles,Leclerc,https://media.formula1.com/d_driver_fallback_image.png/content/dam/fom-website/drivers/C/CHALEC01_Charles_Leclerc/chalec01.png.transform/1col/image.png,
1259,10033,18,L STROLL,Lance STROLL,STR,Aston Martin,229971,Lance,Stroll,https://media.formula1.com/d_driver_fallback_image.png/content/dam/fom-website/drivers/L/LANSTR01_Lance_Stroll/lanstr01.png.transform/1col/image.png,
1259,10033,22,Y TSUNODA,Yuki TSUNODA,TSU,Red Bull Racing,3671C6,Yuki,Tsunoda,https://media.formula1.com/d_driver_fallback_image.png/content/dam/fom-website/drivers/Y/YUKTSU01_Yuki_Tsunoda/yuktsu01.png.transform/1col/image.png,
1259,10033,23,A ALBON,Alexander ALBON,ALB,Williams,64C4FF,Alexander,Albon,https://media.formula1.com/d_driver_fallback_image.png/content/dam/fom-website/drivers/A/ALEALB01_Alexander_Albon/alealb01.png.transform/1col/image.png,
1259,10033,27,N HULKENBERG,Nico HULKENBERG,HUL,Kick Sauber,52E252,Nico,Hulkenberg,https://media.formula1.com/d_driver_fallback_image.png/content/dam/fom-website/drivers/N/NICHUL01_Nico_Hulkenberg/nichul01.png.transform/1col/image.png,
1259,10033,30,L LAWSON,Liam LAWSON,LAW,Racing Bulls,6692FF,Liam,Lawson,https://media.formula1.com/d_driver_fallback_image.png/content/dam/fom-website/drivers/L/LIALAW01_Liam_Lawson/lialaw01.png.transform/1col/image.png,
1259,10033,31,E OCON,Esteban OCON,OCO,Haas F1 Team,B6BABD,Esteban,Ocon,https://media.formula1.com/d_driver_fallback_image.png/content/dam/fom-website/drivers/E/ESTOCO01_Esteban_Ocon/estoco01.png.transform/1col/image.png,
1259,10033,44,L HAMILTON,Lewis HAMILTON,HAM,Ferrari,E80020,Lewis,Hamilton,https://media.formula1.com/d_driver_fallback_image.png/content/dam/fom-website/drivers/L/LEWHAM01_Lewis_Hamilton/lewham01.png.transform/1col/image.png,
1259,10033,55,C SAINZ,Carlos SAINZ,SAI,Williams,64C4FF,Carlos,Sainz,https://media.formula1.com/d_driver_fallback_image.png/content/dam/fom-website/drivers/C/CARSAI01_Carlos_Sainz/carsai01.png.transform/1col/image.png,
1259,10033,63,G RUSSELL,George RUSSELL,RUS,Mercedes,27F4D2,George,Russell,https://media.formula1.com/d_driver_fallback_image.png/content/dam/fom-website/drivers/G/GEORUS01_George_Russell/georus01.png.transform/1col/image.png,
1259,10033,81,O PIASTRI,Oscar PIASTRI,PIA,McLaren,FF8000,Oscar,Piastri,https://media.formula1.com/d_driver_fallback_image.png/content/dam/fom-website/drivers/O/OSCPIA01_Oscar_Piastri/oscpia01.png.transform/1col/image.png,
1259,10033,87,O BEARMAN,Oliver BEARMAN,BEA,Haas F1 Team,B6BABD,Oliver,Bearman,https://media.formula1.com/d_driver_fallback_image.png/content/dam/fom-website/drivers/O/OLIBEA01_Oliver_Bearman/olibea01.png.transform/1col/image.png,
1260,9987,1,M VERSTAPPEN,Max VERSTAPPEN,VER,Red Bull Racing,3671C6,Max,Verstappen,https://media.formula1.com/d_driver_fallback_image.png/content/dam/fom-website/drivers/M/MAXVER01_Max_Verstappen/maxver01.png.transform/1col/image.png,
1260,9987,4,L NORRIS,Lando NORRIS,NOR,McLaren,FF8000,Lando,Norris,https://media.formula1.com/d_driver_fallback_image.png/content/dam/fom-website/drivers/L/LANNOR01_Lando_Norris/lannor01.png.transform/1col/image.png,
1260,9987,5,G BORTOLETO,Gabriel BORTOLETO,BOR,Kick Sauber,52E252,Gabriel,Bortoleto,https://media.formula1.com/d_driver_fallback_image.png/content/dam/fom-website/drivers/G/GABBOR01_Gabriel_Bortoleto/gabbor01.png.transform/1col/image.png,
1260,9987,6,I HADJAR,Isack HADJAR,HAD,Racing Bulls,6692FF,Isack,Hadjar,https://media.formula1.com/d_driver_fallback_image.png/content/dam/fom-website/drivers/I/ISAHAD01_Isack_Hadjar/isahad01.png.transform/1col/image.png,
1260,9987,10,P GASLY,Pierre GASLY,GAS,Alpine,0093CC,Pierre,Gasly,https://media.formula1.com/d_driver_fallback_image.png/content/dam/fom-website/drivers/P/PIEGAS01_Pierre_Gasly/piegas01.png.transform/1col/image.png,
1260,9987,12,K ANTONELLI,Kimi ANTONELLI,ANT,Mercedes,27F4D2,Kimi,Antonelli,https://media.formula1.com/d_driver_fallback_image.png/content/dam/fom-website/drivers/A/ANDANT01_Andrea%20Kimi_Antonelli/andant01.png.transform/1col/image.png,
1260,9987,14,F ALONSO,Fernando ALONSO,ALO,Aston Martin,229971,Fernando,Alonso,https://media.formula1.com/d_driver_fallback_image.png/content/dam/fom-website/drivers/F/FERALO01_Fernando_Alonso/feralo01.png.transform/1col/image.png,
1260,9987,16,C LECLERC,Charles LECLERC,LEC,Ferrari,E80020,Charles,Leclerc,https://media.formula1.com/d_driver_fallback_image.png/content/dam/fom-website/drivers/C/CHALEC01_Charles_Leclerc/chalec01.png.transform/1col/image.png,
1260,9987,18,L STROLL,Lance STROLL,STR,Aston Martin,229971,Lance,Stroll,https://media.formula1.com/d_driver_fallback_image.png/content/dam/fom-website/drivers/L/LANSTR01_Lance_Stroll/lanstr01.png.transform/1col/image.png,
1260,9987,22,Y TSUNODA,Yuki TSUNODA,TSU,Red Bull Racing,3671C6,Yuki,Tsunoda,https://media.formula1.com/d_driver_fallback_image.png/content/dam/fom-website/drivers/Y/YUKTSU01_Yuki_Tsunoda/yuktsu01.png.transform/1col/image.png,
1260,9987,23,A ALBON,Alexander ALBON,ALB,Williams,64C4FF,Alexander,Albon,https://media.formula1.com/d_driver_fallback_image.png/content/dam/fom-website/drivers/A/ALEALB01_Alexander_Albon/alealb01.png.transform/1col/image.png,
1260,9987,27,N HULKENBERG,Nico HULKENBERG,HUL,Kick Sauber,52E252,Nico,Hulkenberg,https://media.formula1.com/d_driver_fallback_image.png/content/dam/fom-website/drivers/N/NICHUL01_Nico_Hulkenberg/nichul01.png.transform/1col/image.png,
1260,9987,30,L LAWSON,Liam LAWSON,LAW,Racing Bulls,6692FF,Liam,Lawson,https://media.formula1.com/d_driver_fallback_image.png/content/dam/fom-website/drivers/L/LIALAW01_Liam_Lawson/lialaw01.png.transform/1col/image.png,
1260,9987,31,E OCON,Esteban OCON,OCO,Haas F1 Team,B6BABD,Esteban,Ocon,https://media.formula1.com/d_driver_fallback_image.png/content/dam/fom-website/drivers/E/ESTOCO01_Esteban_Ocon/estoco01.png.transform/1col/image.png,
1260,9987,43,F COLAPINTO,Franco COLAPINTO,COL,Alpine,0093CC,Franco,Colapinto,,
1260,9987,44,L HAMILTON,Lewis HAMILTON,HAM,Ferrari,E80020,Lewis,Hamilton,https://media.formula1.com/d_driver_fallback_image.png/content/dam/fom-website/drivers/L/LEWHAM01_Lewis_Hamilton/lewham01.png.transform/1col/image.png,
1260,9987,55,C SAINZ,Carlos SAINZ,SAI,Williams,64C4FF,Carlos,Sainz,https://media.formula1.com/d_driver_fallback_image.png/content/dam/fom-website/drivers/C/CARSAI01_Carlos_Sainz/carsai01.png.transform/1col/image.png,
1260,9987,63,G RUSSELL,George RUSSELL,RUS,Mercedes,27F4D2,George,Russell,https://media.formula1.com/d_driver_fallback_image.png/content/dam/fom-website/drivers/G/GEORUS01_George_Russell/georus01.png.transform/1col/image.png,
1260,9987,81,O PIASTRI,Oscar PIASTRI,PIA,McLaren,FF8000,Oscar,Piastri,https://media.formula1.com/d_driver_fallback_image.png/content/dam/fom-website/drivers/O/OSCPIA01_Oscar_Piastri/oscpia01.png.transform/1col/image.png,
1260,9987,87,O BEARMAN,Oliver BEARMAN,BEA,Haas F1 Team,B6BABD,Oliver,Bearman,https://media.formula1.com/d_driver_fallback_image.png/content/dam/fom-website/drivers/O/OLIBEA01_Oliver_Bearman/olibea01.png.transform/1col/image.png,
1261,9979,1,M VERSTAPPEN,Max VERSTAPPEN,VER,Red Bull Racing,4781D7,Max,Verstappen,https://media.formula1.com/d_driver_fallback_image.png/content/dam/fom-website/drivers/M/MAXVER01_Max_Verstappen/maxver01.png.transform/1col/image.png,
1261,9979,4,L NORRIS,Lando NORRIS,NOR,McLaren,F47600,Lando,Norris,https://media.formula1.com/d_driver_fallback_image.png/content/dam/fom-website/drivers/L/LANNOR01_Lando_Norris/lannor01.png.transform/1col/image.png,
1261,9979,5,G BORTOLETO,Gabriel BORTOLETO,BOR,Kick Sauber,01C00E,Gabriel,Bortoleto,https://media.formula1.com/d_driver_fallback_image.png/content/dam/fom-website/drivers/G/GABBOR01_Gabriel_Bortoleto/gabbor01.png.transform/1col/image.png,
1261,9979,6,I HADJAR,Isack HADJAR,HAD,Racing Bulls,6C98FF,Isack,Hadjar,https://media.formula1.com/d_driver_fallback_image.png/content/dam/fom-website/drivers/I/ISAHAD01_Isack_Hadjar/isahad01.png.transform/1col/image.png,
1261,9979,10,P GASLY,Pierre GASLY,GAS,Alpine,00A1E8,Pierre,Gasly,https://media.formula1.com/d_driver_fallback_image.png/content/dam/fom-website/drivers/P/PIEGAS01_Pierre_Gasly/piegas01.png.transform/1col/image.png,
1261,9979,12,K ANTONELLI,Kimi ANTONELLI,ANT,Mercedes,00D7B6,Kimi,Antonelli,https://media.formula1.com/d_driver_fallback_image.png/content/dam/fom-website/drivers/A/ANDANT01_Andrea%20Kimi_Antonelli/andant01.png.transform/1col/image.png,
1261,9979,14,F ALONSO,Fernando ALONSO,ALO,Aston Martin,229971,Fernando,Alonso,https://media.formula1.com/d_driver_fallback_image.png/content/dam/fom-website/drivers/F/FERALO01_Fernando_Alonso/feralo01.png.transform/1col/image.png,
1261,9979,16,C LECLERC,Charles LECLERC,LEC,Ferrari,ED1131,Charles,Leclerc,https://media.formula1.com/d_driver_fallback_image.png/content/dam/fom-website/drivers/C/CHALEC01_Charles_Leclerc/chalec01.png.transform/1col/image.png,
1261,9979,18,L STROLL,Lance STROLL,STR,Aston Martin,229971,Lance,Stroll,https://media.formula1.com/d_driver_fallback_image.png/content/dam/fom-website/drivers/L/LANSTR01_Lance_Stroll/lanstr01.png.transform/1col/image.png,
1261,9979,22,Y TSUNODA,Yuki TSUNODA,TSU,Red Bull Racing,4781D7,Yuki,Tsunoda,https://media.formula1.com/d_driver_fallback_image.png/content/dam/fom-website/drivers/Y/YUKTSU01_Yuki_Tsunoda/yuktsu01.png.transform/1col/image.png,
1261,9979,23,A ALBON,Alexander ALBON,ALB,Williams,1868DB,Alexander,Albon,https://media.formula1.com/d_driver_fallback_image.png/content/dam/fom-website/drivers/A/ALEALB01_Alexander_Albon/alealb01.png.transform/1col/image.png,
1261,9979,27,N HULKENBERG,Nico HULKENBERG,HUL,Kick Sauber,01C00E,Nico,Hulkenberg,https://media.formula1.com/d_driver_fallback_image.png/content/dam/fom-website/drivers/N/NICHUL01_Nico_Hulkenberg/nichul01.png.transform/1col/image.png,
1261,9979,30,L LAWSON,Liam LAWSON,LAW,Racing Bulls,6C98FF,Liam,Lawson,https://media.formula1.com/d_driver_fallback_image.png/content/dam/fom-website/drivers/L/LIALAW01_Liam_Lawson/lialaw01.png.transform/1col/image.png,
1261,9979,31,E OCON,Esteban OCON,OCO,Haas F1 Team,9C9FA2,Esteban,Ocon,https://media.formula1.com/d_driver_fallback_image.png/content/dam/fom-website/drivers/E/ESTOCO01_Esteban_Ocon/estoco01.png.transform/1col/image.png,
1261,9979,43,F COLAPINTO,Franco COLAPINTO,COL,Alpine,00A1E8,Franco,Colapinto,,
1261,9979,44,L HAMILTON,Lewis HAMILTON,HAM,Ferrari,ED1131,Lewis,Hamilton,https://media.formula1.com/d_driver_fallback_image.png/content/dam/fom-website/drivers/L/LEWHAM01_Lewis_Hamilton/lewham01.png.transform/1col/image.png,
1261,9979,55,C SAINZ,Carlos SAINZ,SAI,Williams,1868DB,Carlos,Sainz,https://media.formula1.com/d_driver_fallback_image.png/content/dam/fom-website/drivers/C/CARSAI01_Carlos_Sainz/carsai01.png.transform/1col/image.png,
1261,9979,63,G RUSSELL,George RUSSELL,RUS,Mercedes,00D7B6,George,Russell,https://media.formula1.com/d_driver_fallback_image.png/content/dam/fom-website/drivers/G/GEORUS01_George_Russell/georus01.png.transform/1col/image.png,
1261,9979,81,O PIASTRI,Oscar PIASTRI,PIA,McLaren,F47600,Oscar,Piastri,https://media.formula1.com/d_driver_fallback_image.png/content/dam/fom-website/drivers/O/OSCPIA01_Oscar_Piastri/oscpia01.png.transform/1col/image.png,
1261,9979,87,O BEARMAN,Oliver BEARMAN,BEA,Haas F1 Team,9C9FA2,Oliver,Bearman,https://media.formula1.com/d_driver_fallback_image.png/content/dam/fom-website/drivers/O/OLIBEA01_Oliver_Bearman/olibea01.png.transform/1col/image.png,
1262,9971,1,M VERSTAPPEN,Max VERSTAPPEN,VER,Red Bull Racing,4781D7,Max,Verstappen,https://media.formula1.com/d_driver_fallback_image.png/content/dam/fom-website/drivers/M/MAXVER01_Max_Verstappen/maxver01.png.transform/1col/image.png,
1262,9971,4,L NORRIS,Lando NORRIS,NOR,McLaren,F47600,Lando,Norris,https://media.formula1.com/d_driver_fallback_image.png/content/dam/fom-website/drivers/L/LANNOR01_Lando_Norris/lannor01.png.transform/1col/image.png,
1262,9971,5,G BORTOLETO,Gabriel BORTOLETO,BOR,Kick Sauber,01C00E,Gabriel,Bortoleto,https://media.formula1.com/d_driver_fallback_image.png/content/dam/fom-website/drivers/G/GABBOR01_Gabriel_Bortoleto/gabbor01.png.transform/1col/image.png,
1262,9971,6,I HADJAR,Isack HADJAR,HAD,Racing Bulls,6C98FF,Isack,Hadjar,https://media.formula1.com/d_driver_fallback_image.png/content/dam/fom-website/drivers/I/ISAHAD01_Isack_Hadjar/isahad01.png.transform/1col/image.png,
1262,9971,10,P GASLY,Pierre GASLY,GAS,Alpine,00A1E8,Pierre,Gasly,https://media.formula1.com/d_driver_fallback_image.png/content/dam/fom-website/drivers/P/PIEGAS01_Pierre_Gasly/piegas01.png.transform/1col/image.png,
1262,9971,12,K ANTONELLI,Kimi ANTONELLI,ANT,Mercedes,00D7B6,Kimi,Antonelli,https://media.formula1.com/d_driver_fallback_image.png/content/dam/fom-website/drivers/A/ANDANT01_Andrea%20Kimi_Antonelli/andant01.png.transform/1col/image.png,
1262,9971,14,F ALONSO,Fernando ALONSO,ALO,Aston Martin,229971,Fernando,Alonso,https://media.formula1.com/d_driver_fallback_image.png/content/dam/fom-website/drivers/F/FERALO01_Fernando_Alonso/feralo01.png.transform/1col/image.png,
1262,9971,16,C LECLERC,Charles LECLERC,LEC,Ferrari,ED1131,Charles,Leclerc,https://media.formula1.com/d_driver_fallback_image.png/content/dam/fom-website/drivers/C/CHALEC01_Charles_Leclerc/chalec01.png.transform/1col/image.png,
1262,9971,22,Y TSUNODA,Yuki TSUNODA,TSU,Red Bull Racing,4781D7,Yuki,Tsunoda,https://media.formula1.com/d_driver_fallback_image.png/content/dam/fom-website/drivers/Y/YUKTSU01_Yuki_Tsunoda/yuktsu01.png.transform/1col/image.png,
1262,9971,23,A ALBON,Alexander ALBON,ALB,Williams,1868DB,Alexander,Albon,https://media.formula1.com/d_driver_fallback_image.png/content/dam/fom-website/drivers/A/ALEALB01_Alexander_Albon/alealb01.png.transform/1col/image.png,
1262,9971,27,N HULKENBERG,Nico HULKENBERG,HUL,Kick Sauber,01C00E,Nico,Hulkenberg,https://media.formula1.com/d_driver_fallback_image.png/content/dam/fom-website/drivers/N/NICHUL01_Nico_Hulkenberg/nichul01.png.transform/1col/image.png,
1262,9971,30,L LAWSON,Liam LAWSON,LAW,Racing Bulls,6C98FF,Liam,Lawson,https://media.formula1.com/d_driver_fallback_image.png/content/dam/fom-website/drivers/L/LIALAW01_Liam_Lawson/lialaw01.png.transform/1col/image.png,
1262,9971,31,E OCON,Esteban OCON,OCO,Haas F1 Team,9C9FA2,Esteban,Ocon,https://media.formula1.com/d_driver_fallback_image.png/content/dam/fom-website/drivers/E/ESTOCO01_Esteban_Ocon/estoco01.png.transform/1col/image.png,
1262,9971,43,F COLAPINTO,Franco COLAPINTO,COL,Alpine,00A1E8,Franco,Colapinto,,
1262,9971,44,L HAMILTON,Lewis HAMILTON,HAM,Ferrari,ED1131,Lewis,Hamilton,https://media.formula1.com/d_driver_fallback_image.png/content/dam/fom-website/drivers/L/LEWHAM01_Lewis_Hamilton/lewham01.png.transform/1col/image.png,
1262,9971,55,C SAINZ,Carlos SAINZ,SAI,Williams,1868DB,Carlos,Sainz,https://media.formula1.com/d_driver_fallback_image.png/content/dam/fom-website/drivers/C/CARSAI01_Carlos_Sainz/carsai01.png.transform/1col/image.png,
1262,9971,63,G RUSSELL,George RUSSELL,RUS,Mercedes,00D7B6,George,Russell,https://media.formula1.com/d_driver_fallback_image.png/content/dam/fom-website/drivers/G/GEORUS01_George_Russell/georus01.png.transform/1col/image.png,
1262,9971,81,O PIASTRI,Oscar PIASTRI,PIA,McLaren,F47600,Oscar,Piastri,https://media.formula1.com/d_driver_fallback_image.png/content/dam/fom-website/drivers/O/OSCPIA01_Oscar_Piastri/oscpia01.png.transform/1col/image.png,
1262,9971,87,O BEARMAN,Oliver BEARMAN,BEA,Haas F1 Team,9C9FA2,Oliver,Bearman,https://media.formula1.com/d_driver_fallback_image.png/content/dam/fom-website/drivers/O/OLIBEA01_Oliver_Bearman/olibea01.png.transform/1col/image.png,
1263,9963,1,M VERSTAPPEN,Max VERSTAPPEN,VER,Red Bull Racing,4781D7,Max,Verstappen,https://media.formula1.com/d_driver_fallback_image.png/content/dam/fom-website/drivers/M/MAXVER01_Max_Verstappen/maxver01.png.transform/1col/image.png,
1263,9963,4,L NORRIS,Lando NORRIS,NOR,McLaren,F47600,Lando,Norris,https://media.formula1.com/d_driver_fallback_image.png/content/dam/fom-website/drivers/L/LANNOR01_Lando_Norris/lannor01.png.transform/1col/image.png,
1263,9963,5,G BORTOLETO,Gabriel BORTOLETO,BOR,Kick Sauber,01C00E,Gabriel,Bortoleto,https://media.formula1.com/d_driver_fallback_image.png/content/dam/fom-website/drivers/G/GABBOR01_Gabriel_Bortoleto/gabbor01.png.transform/1col/image.png,
1263,9963,6,I HADJAR,Isack HADJAR,HAD,Racing Bulls,6C98FF,Isack,Hadjar,https://media.formula1.com/d_driver_fallback_image.png/content/dam/fom-website/drivers/I/ISAHAD01_Isack_Hadjar/isahad01.png.transform/1col/image.png,
1263,9963,10,P GASLY,Pierre GASLY,GAS,Alpine,00A1E8,Pierre,Gasly,https://media.formula1.com/d_driver_fallback_image.png/content/dam/fom-website/drivers/P/PIEGAS01_Pierre_Gasly/piegas01.png.transform/1col/image.png,
1263,9963,12,K ANTONELLI,Kimi ANTONELLI,ANT,Mercedes,00D7B6,Kimi,Antonelli,https://media.formula1.com/d_driver_fallback_image.png/content/dam/fom-website/drivers/A/ANDANT01_Andrea%20Kimi_Antonelli/andant01.png.transform/1col/image.png,
1263,9963,14,F ALONSO,Fernando ALONSO,ALO,Aston Martin,229971,Fernando,Alonso,https://media.formula1.com/d_driver_fallback_image.png/content/dam/fom-website/drivers/F/FERALO01_Fernando_Alonso/feralo01.png.transform/1col/image.png,
1263,9963,16,C LECLERC,Charles LECLERC,LEC,Ferrari,ED1131,Charles,Leclerc,https://media.formula1.com/d_driver_fallback_image.png/content/dam/fom-website/drivers/C/CHALEC01_Charles_Leclerc/chalec01.png.transform/1col/image.png,
1263,9963,18,L STROLL,Lance STROLL,STR,Aston Martin,229971,Lance,Stroll,https://media.formula1.com/d_driver_fallback_image.png/content/dam/fom-website/drivers/L/LANSTR01_Lance_Stroll/lanstr01.png.transform/1col/image.png,
1263,9963,22,Y TSUNODA,Yuki TSUNODA,TSU,Red Bull Racing,4781D7,Yuki,Tsunoda,https://media.formula1.com/d_driver_fallback_image.png/content/dam/fom-website/drivers/Y/YUKTSU01_Yuki_Tsunoda/yuktsu01.png.transform/1col/image.png,
1263,9963,23,A ALBON,Alexander ALBON,ALB,Williams,1868DB,Alexander,Albon,https://media.formula1.com/d_driver_fallback_image.png/content/dam/fom-website/drivers/A/ALEALB01_Alexander_Albon/alealb01.png.transform/1col/image.png,
1263,9963,27,N HULKENBERG,Nico HULKENBERG,HUL,Kick Sauber,01C00E,Nico,Hulkenberg,https://media.formula1.com/d_driver_fallback_image.png/content/dam/fom-website/drivers/N/NICHUL01_Nico_Hulkenberg/nichul01.png.transform/1col/image.png,
1263,9963,30,L LAWSON,Liam LAWSON,LAW,Racing Bulls,6C98FF,Liam,Lawson,https://media.formula1.com/d_driver_fallback_image.png/content/dam/fom-website/drivers/L/LIALAW01_Liam_Lawson/lialaw01.png.transform/1col/image.png,
1263,9963,31,E OCON,Esteban OCON,OCO,Haas F1 Team,9C9FA2,Esteban,Ocon,https://media.formula1.com/d_driver_fallback_image.png/content/dam/fom-website/drivers/E/ESTOCO01_Esteban_Ocon/estoco01.png.transform/1col/image.png,
1263,9963,43,F COLAPINTO,Franco COLAPINTO,COL,Alpine,00A1E8,Franco,Colapinto,,
1263,9963,44,L HAMILTON,Lewis HAMILTON,HAM,Ferrari,ED1131,Lewis,Hamilton,https://media.formula1.com/d_driver_fallback_image.png/content/dam/fom-website/drivers/L/LEWHAM01_Lewis_Hamilton/lewham01.png.transform/1col/image.png,
1263,9963,55,C SAINZ,Carlos SAINZ,SAI,Williams,1868DB,Carlos,Sainz,https://media.formula1.com/d_driver_fallback_image.png/content/dam/fom-website/drivers/C/CARSAI01_Carlos_Sainz/carsai01.png.transform/1col/image.png,
1263,9963,63,G RUSSELL,George RUSSELL,RUS,Mercedes,00D7B6,George,Russell,https://media.formula1.com/d_driver_fallback_image.png/content/dam/fom-website/drivers/G/GEORUS01_George_Russell/georus01.png.transform/1col/image.png,
1263,9963,81,O PIASTRI,Oscar PIASTRI,PIA,McLaren,F47600,Oscar,Piastri,https://media.formula1.com/d_driver_fallback_image.png/content/dam/fom-website/drivers/O/OSCPIA01_Oscar_Piastri/oscpia01.png.transform/1col/image.png,
1263,9963,87,O BEARMAN,Oliver BEARMAN,BEA,Haas F1 Team,9C9FA2,Oliver,Bearman,https://media.formula1.com/d_driver_fallback_image.png/content/dam/fom-website/drivers/O/OLIBEA01_Oliver_Bearman/olibea01.png.transform/1col/image.png,
1264,9955,1,M VERSTAPPEN,Max VERSTAPPEN,VER,Red Bull Racing,4781D7,Max,Verstappen,https://media.formula1.com/d_driver_fallback_image.png/content/dam/fom-website/drivers/M/MAXVER01_Max_Verstappen/maxver01.png.transform/1col/image.png,
1264,9955,4,L NORRIS,Lando NORRIS,NOR,McLaren,F47600,Lando,Norris,https://media.formula1.com/d_driver_fallback_image.png/content/dam/fom-website/drivers/L/LANNOR01_Lando_Norris/lannor01.png.transform/1col/image.png,
1264,9955,5,G BORTOLETO,Gabriel BORTOLETO,BOR,Kick Sauber,01C00E,Gabriel,Bortoleto,https://media.formula1.com/d_driver_fallback_image.png/content/dam/fom-website/drivers/G/GABBOR01_Gabriel_Bortoleto/gabbor01.png.transform/1col/image.png,
1264,9955,6,I HADJAR,Isack HADJAR,HAD,Racing Bulls,6C98FF,Isack,Hadjar,https://media.formula1.com/d_driver_fallback_image.png/content/dam/fom-website/drivers/I/ISAHAD01_Isack_Hadjar/isahad01.png.transform/1col/image.png,
1264,9955,10,P GASLY,Pierre GASLY,GAS,Alpine,00A1E8,Pierre,Gasly,https://media.formula1.com/d_driver_fallback_image.png/content/dam/fom-website/drivers/P/PIEGAS01_Pierre_Gasly/piegas01.png.transform/1col/image.png,
1264,9955,12,K ANTONELLI,Kimi ANTONELLI,ANT,Mercedes,00D7B6,Kimi,Antonelli,https://media.formula1.com/d_driver_fallback_image.png/content/dam/fom-website/drivers/A/ANDANT01_Andrea%20Kimi_Antonelli/andant01.png.transform/1col/image.png,
1264,9955,14,F ALONSO,Fernando ALONSO,ALO,Aston Martin,229971,Fernando,Alonso,https://media.formula1.com/d_driver_fallback_image.png/content/dam/fom-website/drivers/F/FERALO01_Fernando_Alonso/feralo01.png.transform/1col/image.png,
1264,9955,16,C LECLERC,Charles LECLERC,LEC,Ferrari,ED1131,Charles,Leclerc,https://media.formula1.com/d_driver_fallback_image.png/content/dam/fom-website/drivers/C/CHALEC01_Charles_Leclerc/chalec01.png.transform/1col/image.png,
1264,9955,18,L STROLL,Lance STROLL,STR,Aston Martin,229971,Lance,Stroll,https://media.formula1.com/d_driver_fallback_image.png/content/dam/fom-website/drivers/L/LANSTR01_Lance_Stroll/lanstr01.png.transform/1col/image.png,
1264,9955,22,Y TSUNODA,Yuki TSUNODA,TSU,Red Bull Racing,4781D7,Yuki,Tsunoda,https://media.formula1.com/d_driver_fallback_image.png/content/dam/fom-website/drivers/Y/YUKTSU01_Yuki_Tsunoda/yuktsu01.png.transform/1col/image.png,
1264,9955,23,A ALBON,Alexander ALBON,ALB,Williams,1868DB,Alexander,Albon,https://media.formula1.com/d_driver_fallback_image.png/content/dam/fom-website/drivers/A/ALEALB01_Alexander_Albon/alealb01.png.transform/1col/image.png,
1264,9955,27,N HULKENBERG,Nico HULKENBERG,HUL,Kick Sauber,01C00E,Nico,Hulkenberg,https://media.formula1.com/d_driver_fallback_image.png/content/dam/fom-website/drivers/N/NICHUL01_Nico_Hulkenberg/nichul01.png.transform/1col/image.png,
1264,9955,30,L LAWSON,Liam LAWSON,LAW,Racing Bulls,6C98FF,Liam,Lawson,https://media.formula1.com/d_driver_fallback_image.png/content/dam/fom-website/drivers/L/LIALAW01_Liam_Lawson/lialaw01.png.transform/1col/image.png,
1264,9955,31,E OCON,Esteban OCON,OCO,Haas F1 Team,9C9FA2,Esteban,Ocon,https://media.formula1.com/d_driver_fallback_image.png/content/dam/fom-website/drivers/E/ESTOCO01_Esteban_Ocon/estoco01.png.transform/1col/image.png,
1264,9955,43,F COLAPINTO,Franco COLAPINTO,COL,Alpine,00A1E8,Franco,Colapinto,,
1264,9955,44,L HAMILTON,Lewis HAMILTON,HAM,Ferrari,ED1131,Lewis,Hamilton,https://media.formula1.com/d_driver_fallback_image.png/content/dam/fom-website/drivers/L/LEWHAM01_Lewis_Hamilton/lewham01.png.transform/1col/image.png,
1264,9955,55,C SAINZ,Carlos SAINZ,SAI,Williams,1868DB,Carlos,Sainz,https://media.formula1.com/d_driver_fallback_image.png/content/dam/fom-website/drivers/C/CARSAI01_Carlos_Sainz/carsai01.png.transform/1col/image.png,
1264,9955,63,G RUSSELL,George RUSSELL,RUS,Mercedes,00D7B6,George,Russell,https://media.formula1.com/d_driver_fallback_image.png/content/dam/fom-website/drivers/G/GEORUS01_George_Russell/georus01.png.transform/1col/image.png,
1264,9955,81,O PIASTRI,Oscar PIASTRI,PIA,McLaren,F47600,Oscar,Piastri,https://media.formula1.com/d_driver_fallback_image.png/content/dam/fom-website/drivers/O/OSCPIA01_Oscar_Piastri/oscpia01.png.transform/1col/image.png,
1264,9955,87,O BEARMAN,Oliver BEARMAN,BEA,Haas F1 Team,9C9FA2,Oliver,Bearman,https://media.formula1.com/d_driver_fallback_image.png/content/dam/fom-website/drivers/O/OLIBEA01_Oliver_Bearman/olibea01.png.transform/1col/image.png,
1277,9947,1,M VERSTAPPEN,Max VERSTAPPEN,VER,Red Bull Racing,4781D7,Max,Verstappen,https://media.formula1.com/d_driver_fallback_image.png/content/dam/fom-website/drivers/M/MAXVER01_Max_Verstappen/maxver01.png.transform/1col/image.png,
1277,9947,4,L NORRIS,Lando NORRIS,NOR,McLaren,F47600,Lando,Norris,https://media.formula1.com/d_driver_fallback_image.png/content/dam/fom-website/drivers/L/LANNOR01_Lando_Norris/lannor01.png.transform/1col/image.png,
1277,9947,5,G BORTOLETO,Gabriel BORTOLETO,BOR,Kick Sauber,01C00E,Gabriel,Bortoleto,https://media.formula1.com/d_driver_fallback_image.png/content/dam/fom-website/drivers/G/GABBOR01_Gabriel_Bortoleto/gabbor01.png.transform/1col/image.png,
1277,9947,6,I HADJAR,Isack HADJAR,HAD,Racing Bulls,6C98FF,Isack,Hadjar,https://media.formula1.com/d_driver_fallback_image.png/content/dam/fom-website/drivers/I/ISAHAD01_Isack_Hadjar/isahad01.png.transform/1col/image.png,
1277,9947,10,P GASLY,Pierre GASLY,GAS,Alpine,00A1E8,Pierre,Gasly,https://media.formula1.com/d_driver_fallback_image.png/content/dam/fom-website/drivers/P/PIEGAS01_Pierre_Gasly/piegas01.png.transform/1col/image.png,
1277,9947,12,K ANTONELLI,Kimi ANTONELLI,ANT,Mercedes,00D7B6,Kimi,Antonelli,https://media.formula1.com/d_driver_fallback_image.png/content/dam/fom-website/drivers/A/ANDANT01_Andrea%20Kimi_Antonelli/andant01.png.transform/1col/image.png,
1277,9947,14,F ALONSO,Fernando ALONSO,ALO,Aston Martin,229971,Fernando,Alonso,https://media.formula1.com/d_driver_fallback_image.png/content/dam/fom-website/drivers/F/FERALO01_Fernando_Alonso/feralo01.png.transform/1col/image.png,
1277,9947,16,C LECLERC,Charles LECLERC,LEC,Ferrari,ED1131,Charles,Leclerc,https://media.formula1.com/d_driver_fallback_image.png/content/dam/fom-website/drivers/C/CHALEC01_Charles_Leclerc/chalec01.png.transform/1col/image.png,
1277,9947,18,L STROLL,Lance STROLL,STR,Aston Martin,229971,Lance,Stroll,https://media.formula1.com/d_driver_fallback_image.png/content/dam/fom-website/drivers/L/LANSTR01_Lance_Stroll/lanstr01.png.transform/1col/image.png,
1277,9947,22,Y TSUNODA,Yuki TSUNODA,TSU,Red Bull Racing,4781D7,Yuki,Tsunoda,https://media.formula1.com/d_driver_fallback_image.png/content/dam/fom-website/drivers/Y/YUKTSU01_Yuki_Tsunoda/yuktsu01.png.transform/1col/image.png,
1277,9947,23,A ALBON,Alexander ALBON,ALB,Williams,1868DB,Alexander,Albon,https://media.formula1.com/d_driver_fallback_image.png/content/dam/fom-website/drivers/A/ALEALB01_Alexander_Albon/alealb01.png.transform/1col/image.png,
1277,9947,27,N HULKENBERG,Nico HULKENBERG,HUL,Kick Sauber,01C00E,Nico,Hulkenberg,https://media.formula1.com/d_driver_fallback_image.png/content/dam/fom-website/drivers/N/NICHUL01_Nico_Hulkenberg/nichul01.png.transform/1col/image.png,
1277,9947,30,L LAWSON,Liam LAWSON,LAW,Racing Bulls,6C98FF,Liam,Lawson,https://media.formula1.com/d_driver_fallback_image.png/content/dam/fom-website/drivers/L/LIALAW01_Liam_Lawson/lialaw01.png.transform/1col/image.png,
1277,9947,31,E OCON,Esteban OCON,OCO,Haas F1 Team,9C9FA2,Esteban,Ocon,https://media.formula1.com/d_driver_fallback_image.png/content/dam/fom-website/drivers/E/ESTOCO01_Esteban_Ocon/estoco01.png.transform/1col/image.png,
1277,9947,43,F COLAPINTO,Franco COLAPINTO,COL,Alpine,00A1E8,Franco,Colapinto,,
1277,9947,44,L HAMILTON,Lewis HAMILTON,HAM,Ferrari,ED1131,Lewis,Hamilton,https://media.formula1.com/d_driver_fallback_image.png/content/dam/fom-website/drivers/L/LEWHAM01_Lewis_Hamilton/lewham01.png.transform/1col/image.png,
1277,9947,55,C SAINZ,Carlos SAINZ,SAI,Williams,1868DB,Carlos,Sainz,https://media.formula1.com/d_driver_fallback_image.png/content/dam/fom-website/drivers/C/CARSAI01_Carlos_Sainz/carsai01.png.transform/1col/image.png,
1277,9947,63,G RUSSELL,George RUSSELL,RUS,Mercedes,00D7B6,George,Russell,https://media.formula1.com/d_driver_fallback_image.png/content/dam/fom-website/drivers/G/GEORUS01_George_Russell/georus01.png.transform/1col/image.png,
1277,9947,81,O PIASTRI,Oscar PIASTRI,PIA,McLaren,F47600,Oscar,Piastri,https://media.formula1.com/d_driver_fallback_image.png/content/dam/fom-website/drivers/O/OSCPIA01_Oscar_Piastri/oscpia01.png.transform/1col/image.png,
1277,9947,87,O BEARMAN,Oliver BEARMAN,BEA,Haas F1 Team,9C9FA2,Oliver,Bearman,https://media.formula1.com/d_driver_fallback_image.png/content/dam/fom-website/drivers/O/OLIBEA01_Oliver_Bearman/olibea01.png.transform/1col/image.png,
1265,9939,1,M VERSTAPPEN,Max VERSTAPPEN,VER,Red Bull Racing,4781D7,Max,Verstappen,https://media.formula1.com/d_driver_fallback_image.png/content/dam/fom-website/drivers/M/MAXVER01_Max_Verstappen/maxver01.png.transform/1col/image.png,
1265,9939,4,L NORRIS,Lando NORRIS,NOR,McLaren,F47600,Lando,Norris,https://media.formula1.com/d_driver_fallback_image.png/content/dam/fom-website/drivers/L/LANNOR01_Lando_Norris/lannor01.png.transform/1col/image.png,
1265,9939,5,G BORTOLETO,Gabriel BORTOLETO,BOR,Kick Sauber,01C00E,Gabriel,Bortoleto,https://media.formula1.com/d_driver_fallback_image.png/content/dam/fom-website/drivers/G/GABBOR01_Gabriel_Bortoleto/gabbor01.png.transform/1col/image.png,
1265,9939,6,I HADJAR,Isack HADJAR,HAD,Racing Bulls,6C98FF,Isack,Hadjar,https://media.formula1.com/d_driver_fallback_image.png/content/dam/fom-website/drivers/I/ISAHAD01_Isack_Hadjar/isahad01.png.transform/1col/image.png,
1265,9939,10,P GASLY,Pierre GASLY,GAS,Alpine,00A1E8,Pierre,Gasly,https://media.formula1.com/d_driver_fallback_image.png/content/dam/fom-website/drivers/P/PIEGAS01_Pierre_Gasly/piegas01.png.transform/1col/image.png,
1265,9939,12,K ANTONELLI,Kimi ANTONELLI,ANT,Mercedes,00D7B6,Kimi,Antonelli,https://media.formula1.com/d_driver_fallback_image.png/content/dam/fom-website/drivers/A/ANDANT01_Andrea%20Kimi_Antonelli/andant01.png.transform/1col/image.png,
1265,9939,14,F ALONSO,Fernando ALONSO,ALO,Aston Martin,229971,Fernando,Alonso,https://media.formula1.com/d_driver_fallback_image.png/content/dam/fom-website/drivers/F/FERALO01_Fernando_Alonso/feralo01.png.transform/1col/image.png,
1265,9939,16,C LECLERC,Charles LECLERC,LEC,Ferrari,ED1131,Charles,Leclerc,https://media.formula1.com/d_driver_fallback_image.png/content/dam/fom-website/drivers/C/CHALEC01_Charles_Leclerc/chalec01.png.transform/1col/image.png,
1265,9939,18,L STROLL,Lance STROLL,STR,Aston Martin,229971,Lance,Stroll,https://media.formula1.com/d_driver_fallback_image.png/content/dam/fom-website/drivers/L/LANSTR01_Lance_Stroll/lanstr01.png.transform/1col/image.png,
1265,9939,22,Y TSUNODA,Yuki TSUNODA,TSU,Red Bull Racing,4781D7,Yuki,Tsunoda,https://media.formula1.com/d_driver_fallback_image.png/content/dam/fom-website/drivers/Y/YUKTSU01_Yuki_Tsunoda/yuktsu01.png.transform/1col/image.png,
1265,9939,23,A ALBON,Alexander ALBON,ALB,Williams,1868DB,Alexander,Albon,https://media.formula1.com/d_driver_fallback_image.png/content/dam/fom-website/drivers/A/ALEALB01_Alexander_Albon/alealb01.png.transform/1col/image.png,
1265,9939,27,N HULKENBERG,Nico HULKENBERG,HUL,Kick Sauber,01C00E,Nico,Hulkenberg,https://media.formula1.com/d_driver_fallback_image.png/content/dam/fom-website/drivers/N/NICHUL01_Nico_Hulkenberg/nichul01.png.transform/1col/image.png,
1265,9939,30,L LAWSON,Liam LAWSON,LAW,Racing Bulls,6C98FF,Liam,Lawson,https://media.formula1.com/d_driver_fallback_image.png/content/dam/fom-website/drivers/L/LIALAW01_Liam_Lawson/lialaw01.png.transform/1col/image.png,
1265,9939,31,E OCON,Esteban OCON,OCO,Haas F1 Team,9C9FA2,Esteban,Ocon,https://media.formula1.com/d_driver_fallback_image.png/content/dam/fom-website/drivers/E/ESTOCO01_Esteban_Ocon/estoco01.png.transform/1col/image.png,
1265,9939,43,F COLAPINTO,Franco COLAPINTO,COL,Alpine,00A1E8,Franco,Colapinto,,
1265,9939,44,L HAMILTON,Lewis HAMILTON,HAM,Ferrari,ED1131,Lewis,Hamilton,https://media.formula1.com/d_driver_fallback_image.png/content/dam/fom-website/drivers/L/LEWHAM01_Lewis_Hamilton/lewham01.png.transform/1col/image.png,
1265,9939,55,C SAINZ,Carlos SAINZ,SAI,Williams,1868DB,Carlos,Sainz,https://media.formula1.com/d_driver_fallback_image.png/content/dam/fom-website/drivers/C/CARSAI01_Carlos_Sainz/carsai01.png.transform/1col/image.png,
1265,9939,63,G RUSSELL,George RUSSELL,RUS,Mercedes,00D7B6,George,Russell,https://media.formula1.com/d_driver_fallback_image.png/content/dam/fom-website/drivers/G/GEORUS01_George_Russell/georus01.png.transform/1col/image.png,
1265,9939,81,O PIASTRI,Oscar PIASTRI,PIA,McLaren,F47600,Oscar,Piastri,https://media.formula1.com/d_driver_fallback_image.png/content/dam/fom-website/drivers/O/OSCPIA01_Oscar_Piastri/oscpia01.png.transform/1col/image.png,
1265,9939,87,O BEARMAN,Oliver BEARMAN,BEA,Haas F1 Team,9C9FA2,Oliver,Bearman,https://media.formula1.com/d_driver_fallback_image.png/content/dam/fom-website/drivers/O/OLIBEA01_Oliver_Bearman/olibea01.png.transform/1col/image.png,
1266,9928,1,M VERSTAPPEN,Max VERSTAPPEN,VER,Red Bull Racing,4781D7,Max,Verstappen,https://media.formula1.com/d_driver_fallback_image.png/content/dam/fom-website/drivers/M/MAXVER01_Max_Verstappen/maxver01.png.transform/1col/image.png,
1266,9928,4,L NORRIS,Lando NORRIS,NOR,McLaren,F47600,Lando,Norris,https://media.formula1.com/d_driver_fallback_image.png/content/dam/fom-website/drivers/L/LANNOR01_Lando_Norris/lannor01.png.transform/1col/image.png,
1266,9928,5,G BORTOLETO,Gabriel BORTOLETO,BOR,Kick Sauber,01C00E,Gabriel,Bortoleto,https://media.formula1.com/d_driver_fallback_image.png/content/dam/fom-website/drivers/G/GABBOR01_Gabriel_Bortoleto/gabbor01.png.transform/1col/image.png,
1266,9928,6,I HADJAR,Isack HADJAR,HAD,Racing Bulls,6C98FF,Isack,Hadjar,https://media.formula1.com/d_driver_fallback_image.png/content/dam/fom-website/drivers/I/ISAHAD01_Isack_Hadjar/isahad01.png.transform/1col/image.png,
1266,9928,10,P GASLY,Pierre GASLY,GAS,Alpine,00A1E8,Pierre,Gasly,https://media.formula1.com/d_driver_fallback_image.png/content/dam/fom-website/drivers/P/PIEGAS01_Pierre_Gasly/piegas01.png.transform/1col/image.png,
1266,9928,12,K ANTONELLI,Kimi ANTONELLI,ANT,Mercedes,00D7B6,Kimi,Antonelli,https://media.formula1.com/d_driver_fallback_image.png/content/dam/fom-website/drivers/A/ANDANT01_Andrea%20Kimi_Antonelli/andant01.png.transform/1col/image.png,
1266,9928,14,F ALONSO,Fernando ALONSO,ALO,Aston Martin,229971,Fernando,Alonso,https://media.formula1.com/d_driver_fallback_image.png/content/dam/fom-website/drivers/F/FERALO01_Fernando_Alonso/feralo01.png.transform/1col/image.png,
1266,9928,16,C LECLERC,Charles LECLERC,LEC,Ferrari,ED1131,Charles,Leclerc,https://media.formula1.com/d_driver_fallback_image.png/content/dam/fom-website/drivers/C/CHALEC01_Charles_Leclerc/chalec01.png.transform/1col/image.png,
1266,9928,18,L STROLL,Lance STROLL,STR,Aston Martin,229971,Lance,Stroll,https://media.formula1.com/d_driver_fallback_image.png/content/dam/fom-website/drivers/L/LANSTR01_Lance_Stroll/lanstr01.png.transform/1col/image.png,
1266,9928,22,Y TSUNODA,Yuki TSUNODA,TSU,Red Bull Racing,4781D7,Yuki,Tsunoda,https://media.formula1.com/d_driver_fallback_image.png/content/dam/fom-website/drivers/Y/YUKTSU01_Yuki_Tsunoda/yuktsu01.png.transform/1col/image.png,
1266,9928,23,A ALBON,Alexander ALBON,ALB,Williams,1868DB,Alexander,Albon,https://media.formula1.com/d_driver_fallback_image.png/content/dam/fom-website/drivers/A/ALEALB01_Alexander_Albon/alealb01.png.transform/1col/image.png,
1266,9928,27,N HULKENBERG,Nico HULKENBERG,HUL,Kick Sauber,01C00E,Nico,Hulkenberg,https://media.formula1.com/d_driver_fallback_image.png/content/dam/fom-website/drivers/N/NICHUL01_Nico_Hulkenberg/nichul01.png.transform/1col/image.png,
1266,9928,30,L LAWSON,Liam LAWSON,LAW,Racing Bulls,6C98FF,Liam,Lawson,https://media.formula1.com/d_driver_fallback_image.png/content/dam/fom-website/drivers/L/LIALAW01_Liam_Lawson/lialaw01.png.transform/1col/image.png,
1266,9928,31,E OCON,Esteban OCON,OCO,Haas F1 Team,9C9FA2,Esteban,Ocon,https://media.formula1.com/d_driver_fallback_image.png/content/dam/fom-website/drivers/E/ESTOCO01_Esteban_Ocon/estoco01.png.transform/1col/image.png,
1266,9928,43,F COLAPINTO,Franco COLAPINTO,COL,Alpine,00A1E8,Franco,Colapinto,,
1266,9928,44,L HAMILTON,Lewis HAMILTON,HAM,Ferrari,ED1131,Lewis,Hamilton,https://media.formula1.com/d_driver_fallback_image.png/content/dam/fom-website/drivers/L/LEWHAM01_Lewis_Hamilton/lewham01.png.transform/1col/image.png,
1266,9928,55,C SAINZ,Carlos SAINZ,SAI,Williams,1868DB,Carlos,Sainz,https://media.formula1.com/d_driver_fallback_image.png/content/dam/fom-website/drivers/C/CARSAI01_Carlos_Sainz/carsai01.png.transform/1col/image.png,
1266,9928,63,G RUSSELL,George RUSSELL,RUS,Mercedes,00D7B6,George,Russell,https://media.formula1.com/d_driver_fallback_image.png/content/dam/fom-website/drivers/G/GEORUS01_George_Russell/georus01.png.transform/1col/image.png,
1266,9928,81,O PIASTRI,Oscar PIASTRI,PIA,McLaren,F47600,Oscar,Piastri,https://media.formula1.com/d_driver_fallback_image.png/content/dam/fom-website/drivers/O/OSCPIA01_Oscar_Piastri/oscpia01.png.transform/1col/image.png,
1266,9928,87,O BEARMAN,Oliver BEARMAN,BEA,Haas F1 Team,9C9FA2,Oliver,Bearman,https://media.formula1.com/d_driver_fallback_image.png/content/dam/fom-website/drivers/O/OLIBEA01_Oliver_Bearman/olibea01.png.transform/1col/image.png,
1267,9920,1,M VERSTAPPEN,Max VERSTAPPEN,VER,Red Bull Racing,4781D7,Max,Verstappen,https://media.formula1.com/d_driver_fallback_image.png/content/dam/fom-website/drivers/M/MAXVER01_Max_Verstappen/maxver01.png.transform/1col/image.png,
1267,9920,4,L NORRIS,Lando NORRIS,NOR,McLaren,F47600,Lando,Norris,https://media.formula1.com/d_driver_fallback_image.png/content/dam/fom-website/drivers/L/LANNOR01_Lando_Norris/lannor01.png.transform/1col/image.png,
1267,9920,5,G BORTOLETO,Gabriel BORTOLETO,BOR,Kick Sauber,01C00E,Gabriel,Bortoleto,https://media.formula1.com/d_driver_fallback_image.png/content/dam/fom-website/drivers/G/GABBOR01_Gabriel_Bortoleto/gabbor01.png.transform/1col/image.png,
1267,9920,6,I HADJAR,Isack HADJAR,HAD,Racing Bulls,6C98FF,Isack,Hadjar,https://media.formula1.com/d_driver_fallback_image.png/content/dam/fom-website/drivers/I/ISAHAD01_Isack_Hadjar/isahad01.png.transform/1col/image.png,
1267,9920,10,P GASLY,Pierre GASLY,GAS,Alpine,00A1E8,Pierre,Gasly,https://media.formula1.com/d_driver_fallback_image.png/content/dam/fom-website/drivers/P/PIEGAS01_Pierre_Gasly/piegas01.png.transform/1col/image.png,
1267,9920,12,K ANTONELLI,Kimi ANTONELLI,ANT,Mercedes,00D7B6,Kimi,Antonelli,https://media.formula1.com/d_driver_fallback_image.png/content/dam/fom-website/drivers/A/ANDANT01_Andrea%20Kimi_Antonelli/andant01.png.transform/1col/image.png,
1267,9920,14,F ALONSO,Fernando ALONSO,ALO,Aston Martin,229971,Fernando,Alonso,https://media.formula1.com/d_driver_fallback_image.png/content/dam/fom-website/drivers/F/FERALO01_Fernando_Alonso/feralo01.png.transform/1col/image.png,
1267,9920,16,C LECLERC,Charles LECLERC,LEC,Ferrari,ED1131,Charles,Leclerc,https://media.formula1.com/d_driver_fallback_image.png/content/dam/fom-website/drivers/C/CHALEC01_Charles_Leclerc/chalec01.png.transform/1col/image.png,
1267,9920,18,L STROLL,Lance STROLL,STR,Aston Martin,229971,Lance,Stroll,https://media.formula1.com/d_driver_fallback_image.png/content/dam/fom-website/drivers/L/LANSTR01_Lance_Stroll/lanstr01.png.transform/1col/image.png,
1267,9920,22,Y TSUNODA,Yuki TSUNODA,TSU,Red Bull Racing,4781D7,Yuki,Tsunoda,https://media.formula1.com/d_driver_fallback_image.png/content/dam/fom-website/drivers/Y/YUKTSU01_Yuki_Tsunoda/yuktsu01.png.transform/1col/image.png,
1267,9920,23,A ALBON,Alexander ALBON,ALB,Williams,1868DB,Alexander,Albon,https://media.formula1.com/d_driver_fallback_image.png/content/dam/fom-website/drivers/A/ALEALB01_Alexander_Albon/alealb01.png.transform/1col/image.png,
1267,9920,27,N HULKENBERG,Nico HULKENBERG,HUL,Kick Sauber,01C00E,Nico,Hulkenberg,https://media.formula1.com/d_driver_fallback_image.png/content/dam/fom-website/drivers/N/NICHUL01_Nico_Hulkenberg/nichul01.png.transform/1col/image.png,
1267,9920,30,L LAWSON,Liam LAWSON,LAW,Racing Bulls,6C98FF,Liam,Lawson,https://media.formula1.com/d_driver_fallback_image.png/content/dam/fom-website/drivers/L/LIALAW01_Liam_Lawson/lialaw01.png.transform/1col/image.png,
1267,9920,31,E OCON,Esteban OCON,OCO,Haas F1 Team,9C9FA2,Esteban,Ocon,https://media.formula1.com/d_driver_fallback_image.png/content/dam/fom-website/drivers/E/ESTOCO01_Esteban_Ocon/estoco01.png.transform/1col/image.png,
1267,9920,43,F COLAPINTO,Franco COLAPINTO,COL,Alpine,00A1E8,Franco,Colapinto,,
1267,9920,44,L HAMILTON,Lewis HAMILTON,HAM,Ferrari,ED1131,Lewis,Hamilton,https://media.formula1.com/d_driver_fallback_image.png/content/dam/fom-website/drivers/L/LEWHAM01_Lewis_Hamilton/lewham01.png.transform/1col/image.png,
1267,9920,55,C SAINZ,Carlos SAINZ,SAI,Williams,1868DB,Carlos,Sainz,https://media.formula1.com/d_driver_fallback_image.png/content/dam/fom-website/drivers/C/CARSAI01_Carlos_Sainz/carsai01.png.transform/1col/image.png,
1267,9920,63,G RUSSELL,George RUSSELL,RUS,Mercedes,00D7B6,George,Russell,https://media.formula1.com/d_driver_fallback_image.png/content/dam/fom-website/drivers/G/GEORUS01_George_Russell/georus01.png.transform/1col/image.png,
1267,9920,81,O PIASTRI,Oscar PIASTRI,PIA,McLaren,F47600,Oscar,Piastri,https://media.formula1.com/d_driver_fallback_image.png/content/dam/fom-website/drivers/O/OSCPIA01_Oscar_Piastri/oscpia01.png.transform/1col/image.png,
1267,9920,87,O BEARMAN,Oliver BEARMAN,BEA,Haas F1 Team,9C9FA2,Oliver,Bearman,https://media.formula1.com/d_driver_fallback_image.png/content/dam/fom-website/drivers/O/OLIBEA01_Oliver_Bearman/olibea01.png.transform/1col/image.png,
1268,9912,1,M VERSTAPPEN,Max VERSTAPPEN,VER,Red Bull Racing,4781D7,Max,Verstappen,https://media.formula1.com/d_driver_fallback_image.png/content/dam/fom-website/drivers/M/MAXVER01_Max_Verstappen/maxver01.png.transform/1col/image.png,
1268,9912,4,L NORRIS,Lando NORRIS,NOR,McLaren,F47600,Lando,Norris,https://media.formula1.com/d_driver_fallback_image.png/content/dam/fom-website/drivers/L/LANNOR01_Lando_Norris/lannor01.png.transform/1col/image.png,
1268,9912,5,G BORTOLETO,Gabriel BORTOLETO,BOR,Kick Sauber,01C00E,Gabriel,Bortoleto,https://media.formula1.com/d_driver_fallback_image.png/content/dam/fom-website/drivers/G/GABBOR01_Gabriel_Bortoleto/gabbor01.png.transform/1col/image.png,
1268,9912,6,I HADJAR,Isack HADJAR,HAD,Racing Bulls,6C98FF,Isack,Hadjar,https://media.formula1.com/d_driver_fallback_image.png/content/dam/fom-website/drivers/I/ISAHAD01_Isack_Hadjar/isahad01.png.transform/1col/image.png,
1268,9912,10,P GASLY,Pierre GASLY,GAS,Alpine,00A1E8,Pierre,Gasly,https://media.formula1.com/d_driver_fallback_image.png/content/dam/fom-website/drivers/P/PIEGAS01_Pierre_Gasly/piegas01.png.transform/1col/image.png,
1268,9912,12,K ANTONELLI,Kimi ANTONELLI,ANT,Mercedes,00D7B6,Kimi,Antonelli,https://media.formula1.com/d_driver_fallback_image.png/content/dam/fom-website/drivers/A/ANDANT01_Andrea%20Kimi_Antonelli/andant01.png.transform/1col/image.png,
1268,9912,14,F ALONSO,Fernando ALONSO,ALO,Aston Martin,229971,Fernando,Alonso,https://media.formula1.com/d_driver_fallback_image.png/content/dam/fom-website/drivers/F/FERALO01_Fernando_Alonso/feralo01.png.transform/1col/image.png,
1268,9912,16,C LECLERC,Charles LECLERC,LEC,Ferrari,ED1131,Charles,Leclerc,https://media.formula1.com/d_driver_fallback_image.png/content/dam/fom-website/drivers/C/CHALEC01_Charles_Leclerc/chalec01.png.transform/1col/image.png,
1268,9912,18,L STROLL,Lance STROLL,STR,Aston Martin,229971,Lance,Stroll,https://media.formula1.com/d_driver_fallback_image.png/content/dam/fom-website/drivers/L/LANSTR01_Lance_Stroll/lanstr01.png.transform/1col/image.png,
1268,9912,22,Y TSUNODA,Yuki TSUNODA,TSU,Red Bull Racing,4781D7,Yuki,Tsunoda,https://media.formula1.com/d_driver_fallback_image.png/content/dam/fom-website/drivers/Y/YUKTSU01_Yuki_Tsunoda/yuktsu01.png.transform/1col/image.png,
1268,9912,23,A ALBON,Alexander ALBON,ALB,Williams,1868DB,Alexander,Albon,https://media.formula1.com/d_driver_fallback_image.png/content/dam/fom-website/drivers/A/ALEALB01_Alexander_Albon/alealb01.png.transform/1col/image.png,
1268,9912,27,N HULKENBERG,Nico HULKENBERG,HUL,Kick Sauber,01C00E,Nico,Hulkenberg,https://media.formula1.com/d_driver_fallback_image.png/content/dam/fom-website/drivers/N/NICHUL01_Nico_Hulkenberg/nichul01.png.transform/1col/image.png,
1268,9912,30,L LAWSON,Liam LAWSON,LAW,Racing Bulls,6C98FF,Liam,Lawson,https://media.formula1.com/d_driver_fallback_image.png/content/dam/fom-website/drivers/L/LIALAW01_Liam_Lawson/lialaw01.png.transform/1col/image.png,
1268,9912,31,E OCON,Esteban OCON,OCO,Haas F1 Team,9C9FA2,Esteban,Ocon,https://media.formula1.com/d_driver_fallback_image.png/content/dam/fom-website/drivers/E/ESTOCO01_Esteban_Ocon/estoco01.png.transform/1col/image.png,
1268,9912,43,F COLAPINTO,Franco COLAPINTO,COL,Alpine,00A1E8,Franco,Colapinto,,
1268,9912,44,L HAMILTON,Lewis HAMILTON,HAM,Ferrari,ED1131,Lewis,Hamilton,https://media.formula1.com/d_driver_fallback_image.png/content/dam/fom-website/drivers/L/LEWHAM01_Lewis_Hamilton/lewham01.png.transform/1col/image.png,
1268,9912,55,C SAINZ,Carlos SAINZ,SAI,Williams,1868DB,Carlos,Sainz,https://media.formula1.com/d_driver_fallback_image.png/content/dam/fom-website/drivers/C/CARSAI01_Carlos_Sainz/carsai01.png.transform/1col/image.png,
1268,9912,63,G RUSSELL,George RUSSELL,RUS,Mercedes,00D7B6,George,Russell,https://media.formula1.com/d_driver_fallback_image.png/content/dam/fom-website/drivers/G/GEORUS01_George_Russell/georus01.png.transform/1col/image.png,
1268,9912,81,O PIASTRI,Oscar PIASTRI,PIA,McLaren,F47600,Oscar,Piastri,https://media.formula1.com/d_driver_fallback_image.png/content/dam/fom-website/drivers/O/OSCPIA01_Oscar_Piastri/oscpia01.png.transform/1col/image.png,
1268,9912,87,O BEARMAN,Oliver BEARMAN,BEA,Haas F1 Team,9C9FA2,Oliver,Bearman,https://media.formula1.com/d_driver_fallback_image.png/content/dam/fom-website/drivers/O/OLIBEA01_Oliver_Bearman/olibea01.png.transform/1col/image.png,
1269,9904,1,M VERSTAPPEN,Max VERSTAPPEN,VER,Red Bull Racing,4781D7,Max,Verstappen,https://media.formula1.com/d_driver_fallback_image.png/content/dam/fom-website/drivers/M/MAXVER01_Max_Verstappen/maxver01.png.transform/1col/image.png,
1269,9904,4,L NORRIS,Lando NORRIS,NOR,McLaren,F47600,Lando,Norris,https://media.formula1.com/d_driver_fallback_image.png/content/dam/fom-website/drivers/L/LANNOR01_Lando_Norris/lannor01.png.transform/1col/image.png,
1269,9904,5,G BORTOLETO,Gabriel BORTOLETO,BOR,Kick Sauber,01C00E,Gabriel,Bortoleto,https://media.formula1.com/d_driver_fallback_image.png/content/dam/fom-website/drivers/G/GABBOR01_Gabriel_Bortoleto/gabbor01.png.transform/1col/image.png,
1269,9904,6,I HADJAR,Isack HADJAR,HAD,Racing Bulls,6C98FF,Isack,Hadjar,https://media.formula1.com/d_driver_fallback_image.png/content/dam/fom-website/drivers/I/ISAHAD01_Isack_Hadjar/isahad01.png.transform/1col/image.png,
1269,9904,10,P GASLY,Pierre GASLY,GAS,Alpine,00A1E8,Pierre,Gasly,https://media.formula1.com/d_driver_fallback_image.png/content/dam/fom-website/drivers/P/PIEGAS01_Pierre_Gasly/piegas01.png.transform/1col/image.png,
1269,9904,12,K ANTONELLI,Kimi ANTONELLI,ANT,Mercedes,00D7B6,Kimi,Antonelli,https://media.formula1.com/d_driver_fallback_image.png/content/dam/fom-website/drivers/A/ANDANT01_Andrea%20Kimi_Antonelli/andant01.png.transform/1col/image.png,
1269,9904,14,F ALONSO,Fernando ALONSO,ALO,Aston Martin,229971,Fernando,Alonso,https://media.formula1.com/d_driver_fallback_image.png/content/dam/fom-website/drivers/F/FERALO01_Fernando_Alonso/feralo01.png.transform/1col/image.png,
1269,9904,16,C LECLERC,Charles LECLERC,LEC,Ferrari,ED1131,Charles,Leclerc,https://media.formula1.com/d_driver_fallback_image.png/content/dam/fom-website/drivers/C/CHALEC01_Charles_Leclerc/chalec01.png.transform/1col/image.png,
1269,9904,18,L STROLL,Lance STROLL,STR,Aston Martin,229971,Lance,Stroll,https://media.formula1.com/d_driver_fallback_image.png/content/dam/fom-website/drivers/L/LANSTR01_Lance_Stroll/lanstr01.png.transform/1col/image.png,
1269,9904,22,Y TSUNODA,Yuki TSUNODA,TSU,Red Bull Racing,4781D7,Yuki,Tsunoda,https://media.formula1.com/d_driver_fallback_image.png/content/dam/fom-website/drivers/Y/YUKTSU01_Yuki_Tsunoda/yuktsu01.png.transform/1col/image.png,
1269,9904,23,A ALBON,Alexander ALBON,ALB,Williams,1868DB,Alexander,Albon,https://media.formula1.com/d_driver_fallback_image.png/content/dam/fom-website/drivers/A/ALEALB01_Alexander_Albon/alealb01.png.transform/1col/image.png,
1269,9904,27,N HULKENBERG,Nico HULKENBERG,HUL,Kick Sauber,01C00E,Nico,Hulkenberg,https://media.formula1.com/d_driver_fallback_image.png/content/dam/fom-website/drivers/N/NICHUL01_Nico_Hulkenberg/nichul01.png.transform/1col/image.png,
1269,9904,30,L LAWSON,Liam LAWSON,LAW,Racing Bulls,6C98FF,Liam,Lawson,https://media.formula1.com/d_driver_fallback_image.png/content/dam/fom-website/drivers/L/LIALAW01_Liam_Lawson/lialaw01.png.transform/1col/image.png,
1269,9904,31,E OCON,Esteban OCON,OCO,Haas F1 Team,9C9FA2,Esteban,Ocon,https://media.formula1.com/d_driver_fallback_image.png/content/dam/fom-website/drivers/E/ESTOCO01_Esteban_Ocon/estoco01.png.transform/1col/image.png,
1269,9904,43,F COLAPINTO,Franco COLAPINTO,COL,Alpine,00A1E8,Franco,Colapinto,,
1269,9904,44,L HAMILTON,Lewis HAMILTON,HAM,Ferrari,ED1131,Lewis,Hamilton,https://media.formula1.com/d_driver_fallback_image.png/content/dam/fom-website/drivers/L/LEWHAM01_Lewis_Hamilton/lewham01.png.transform/1col/image.png,
1269,9904,55,C SAINZ,Carlos SAINZ,SAI,Williams,1868DB,Carlos,Sainz,https://media.formula1.com/d_driver_fallback_image.png/content/dam/fom-website/drivers/C/CARSAI01_Carlos_Sainz/carsai01.png.transform/1col/image.png,
1269,9904,63,G RUSSELL,George RUSSELL,RUS,Mercedes,00D7B6,George,Russell,https://media.formula1.com/d_driver_fallback_image.png/content/dam/fom-website/drivers/G/GEORUS01_George_Russell/georus01.png.transform/1col/image.png,
1269,9904,81,O PIASTRI,Oscar PIASTRI,PIA,McLaren,F47600,Oscar,Piastri,https://media.formula1.com/d_driver_fallback_image.png/content/dam/fom-website/drivers/O/OSCPIA01_Oscar_Piastri/oscpia01.png.transform/1col/image.png,
1269,9904,87,O BEARMAN,Oliver BEARMAN,BEA,Haas F1 Team,9C9FA2,Oliver,Bearman,https://media.formula1.com/d_driver_fallback_image.png/content/dam/fom-website/drivers/O/OLIBEA01_Oliver_Bearman/olibea01.png.transform/1col/image.png,
1270,9896,1,M VERSTAPPEN,Max VERSTAPPEN,VER,Red Bull Racing,4781D7,Max,Verstappen,https://media.formula1.com/d_driver_fallback_image.png/content/dam/fom-website/drivers/M/MAXVER01_Max_Verstappen/maxver01.png.transform/1col/image.png,
1270,9896,4,L NORRIS,Lando NORRIS,NOR,McLaren,F47600,Lando,Norris,https://media.formula1.com/d_driver_fallback_image.png/content/dam/fom-website/drivers/L/LANNOR01_Lando_Norris/lannor01.png.transform/1col/image.png,
1270,9896,5,G BORTOLETO,Gabriel BORTOLETO,BOR,Kick Sauber,01C00E,Gabriel,Bortoleto,https://media.formula1.com/d_driver_fallback_image.png/content/dam/fom-website/drivers/G/GABBOR01_Gabriel_Bortoleto/gabbor01.png.transform/1col/image.png,
1270,9896,6,I HADJAR,Isack HADJAR,HAD,Racing Bulls,6C98FF,Isack,Hadjar,https://media.formula1.com/d_driver_fallback_image.png/content/dam/fom-website/drivers/I/ISAHAD01_Isack_Hadjar/isahad01.png.transform/1col/image.png,
1270,9896,10,P GASLY,Pierre GASLY,GAS,Alpine,00A1E8,Pierre,Gasly,https://media.formula1.com/d_driver_fallback_image.png/content/dam/fom-website/drivers/P/PIEGAS01_Pierre_Gasly/piegas01.png.transform/1col/image.png,
1270,9896,12,K ANTONELLI,Kimi ANTONELLI,ANT,Mercedes,00D7B6,Kimi,Antonelli,https://media.formula1.com/d_driver_fallback_image.png/content/dam/fom-website/drivers/A/ANDANT01_Andrea%20Kimi_Antonelli/andant01.png.transform/1col/image.png,
1270,9896,14,F ALONSO,Fernando ALONSO,ALO,Aston Martin,229971,Fernando,Alonso,https://media.formula1.com/d_driver_fallback_image.png/content/dam/fom-website/drivers/F/FERALO01_Fernando_Alonso/feralo01.png.transform/1col/image.png,
1270,9896,16,C LECLERC,Charles LECLERC,LEC,Ferrari,ED1131,Charles,Leclerc,https://media.formula1.com/d_driver_fallback_image.png/content/dam/fom-website/drivers/C/CHALEC01_Charles_Leclerc/chalec01.png.transform/1col/image.png,
1270,9896,18,L STROLL,Lance STROLL,STR,Aston Martin,229971,Lance,Stroll,https://media.formula1.com/d_driver_fallback_image.png/content/dam/fom-website/drivers/L/LANSTR01_Lance_Stroll/lanstr01.png.transform/1col/image.png,
1270,9896,22,Y TSUNODA,Yuki TSUNODA,TSU,Red Bull Racing,4781D7,Yuki,Tsunoda,https://media.formula1.com/d_driver_fallback_image.png/content/dam/fom-website/drivers/Y/YUKTSU01_Yuki_Tsunoda/yuktsu01.png.transform/1col/image.png,
1270,9896,23,A ALBON,Alexander ALBON,ALB,Williams,1868DB,Alexander,Albon,https://media.formula1.com/d_driver_fallback_image.png/content/dam/fom-website/drivers/A/ALEALB01_Alexander_Albon/alealb01.png.transform/1col/image.png,
1270,9896,27,N HULKENBERG,Nico HULKENBERG,HUL,Kick Sauber,01C00E,Nico,Hulkenberg,https://media.formula1.com/d_driver_fallback_image.png/content/dam/fom-website/drivers/N/NICHUL01_Nico_Hulkenberg/nichul01.png.transform/1col/image.png,
1270,9896,30,L LAWSON,Liam LAWSON,LAW,Racing Bulls,6C98FF,Liam,Lawson,https://media.formula1.com/d_driver_fallback_image.png/content/dam/fom-website/drivers/L/LIALAW01_Liam_Lawson/lialaw01.png.transform/1col/image.png,
1270,9896,31,E OCON,Esteban OCON,OCO,Haas F1 Team,9C9FA2,Esteban,Ocon,https://media.formula1.com/d_driver_fallback_image.png/content/dam/fom-website/drivers/E/ESTOCO01_Esteban_Ocon/estoco01.png.transform/1col/image.png,
1270,9896,43,F COLAPINTO,Franco COLAPINTO,COL,Alpine,00A1E8,Franco,Colapinto,,
1270,9896,44,L HAMILTON,Lewis HAMILTON,HAM,Ferrari,ED1131,Lewis,Hamilton,https://media.formula1.com/d_driver_fallback_image.png/content/dam/fom-website/drivers/L/LEWHAM01_Lewis_Hamilton/lewham01.png.transform/1col/image.png,
1270,9896,55,C SAINZ,Carlos SAINZ,SAI,Williams,1868DB,Carlos,Sainz,https://media.formula1.com/d_driver_fallback_image.png/content/dam/fom-website/drivers/C/CARSAI01_Carlos_Sainz/carsai01.png.transform/1col/image.png,
1270,9896,63,G RUSSELL,George RUSSELL,RUS,Mercedes,00D7B6,George,Russell,https://media.formula1.com/d_driver_fallback_image.png/content/dam/fom-website/drivers/G/GEORUS01_George_Russell/georus01.png.transform/1col/image.png,
1270,9896,81,O PIASTRI,Oscar PIASTRI,PIA,McLaren,F47600,Oscar,Piastri,https://media.formula1.com/d_driver_fallback_image.png/content/dam/fom-website/drivers/O/OSCPIA01_Oscar_Piastri/oscpia01.png.transform/1col/image.png,
1270,9896,87,O BEARMAN,Oliver BEARMAN,BEA,Haas F1 Team,9C9FA2,Oliver,Bearman,https://media.formula1.com/d_driver_fallback_image.png/content/dam/fom-website/drivers/O/OLIBEA01_Oliver_Bearman/olibea01.png.transform/1col/image.png,
1271,9888,1,M VERSTAPPEN,Max VERSTAPPEN,VER,Red Bull Racing,4781D7,Max,Verstappen,https://media.formula1.com/d_driver_fallback_image.png/content/dam/fom-website/drivers/M/MAXVER01_Max_Verstappen/maxver01.png.transform/1col/image.png,
1271,9888,4,L NORRIS,Lando NORRIS,NOR,McLaren,F47600,Lando,Norris,https://media.formula1.com/d_driver_fallback_image.png/content/dam/fom-website/drivers/L/LANNOR01_Lando_Norris/lannor01.png.transform/1col/image.png,
1271,9888,5,G BORTOLETO,Gabriel BORTOLETO,BOR,Kick Sauber,01C00E,Gabriel,Bortoleto,https://media.formula1.com/d_driver_fallback_image.png/content/dam/fom-website/drivers/G/GABBOR01_Gabriel_Bortoleto/gabbor01.png.transform/1col/image.png,
1271,9888,6,I HADJAR,Isack HADJAR,HAD,Racing Bulls,6C98FF,Isack,Hadjar,https://media.formula1.com/d_driver_fallback_image.png/content/dam/fom-website/drivers/I/ISAHAD01_Isack_Hadjar/isahad01.png.transform/1col/image.png,
1271,9888,10,P GASLY,Pierre GASLY,GAS,Alpine,00A1E8,Pierre,Gasly,https://media.formula1.com/d_driver_fallback_image.png/content/dam/fom-website/drivers/P/PIEGAS01_Pierre_Gasly/piegas01.png.transform/1col/image.png,
1271,9888,12,K ANTONELLI,Kimi ANTONELLI,ANT,Mercedes,00D7B6,Kimi,Antonelli,https://media.formula1.com/d_driver_fallback_image.png/content/dam/fom-website/drivers/A/ANDANT01_Andrea%20Kimi_Antonelli/andant01.png.transform/1col/image.png,
1271,9888,14,F ALONSO,Fernando ALONSO,ALO,Aston Martin,229971,Fernando,Alonso,https://media.formula1.com/d_driver_fallback_image.png/content/dam/fom-website/drivers/F/FERALO01_Fernando_Alonso/feralo01.png.transform/1col/image.png,
1271,9888,16,C LECLERC,Charles LECLERC,LEC,Ferrari,ED1131,Charles,Leclerc,https://media.formula1.com/d_driver_fallback_image.png/content/dam/fom-website/drivers/C/CHALEC01_Charles_Leclerc/chalec01.png.transform/1col/image.png,
1271,9888,18,L STROLL,Lance STROLL,STR,Aston Martin,229971,Lance,Stroll,https://media.formula1.com/d_driver_fallback_image.png/content/dam/fom-website/drivers/L/LANSTR01_Lance_Stroll/lanstr01.png.transform/1col/image.png,
1271,9888,22,Y TSUNODA,Yuki TSUNODA,TSU,Red Bull Racing,4781D7,Yuki,Tsunoda,https://media.formula1.com/d_driver_fallback_image.png/content/dam/fom-website/drivers/Y/YUKTSU01_Yuki_Tsunoda/yuktsu01.png.transform/1col/image.png,
1271,9888,23,A ALBON,Alexander ALBON,ALB,Williams,1868DB,Alexander,Albon,https://media.formula1.com/d_driver_fallback_image.png/content/dam/fom-website/drivers/A/ALEALB01_Alexander_Albon/alealb01.png.transform/1col/image.png,
1271,9888,27,N HULKENBERG,Nico HULKENBERG,HUL,Kick Sauber,01C00E,Nico,Hulkenberg,https://media.formula1.com/d_driver_fallback_image.png/content/dam/fom-website/drivers/N/NICHUL01_Nico_Hulkenberg/nichul01.png.transform/1col/image.png,
1271,9888,30,L LAWSON,Liam LAWSON,LAW,Racing Bulls,6C98FF,Liam,Lawson,https://media.formula1.com/d_driver_fallback_image.png/content/dam/fom-website/drivers/L/LIALAW01_Liam_Lawson/lialaw01.png.transform/1col/image.png,
1271,9888,31,E OCON,Esteban OCON,OCO,Haas F1 Team,9C9FA2,Esteban,Ocon,https://media.formula1.com/d_driver_fallback_image.png/content/dam/fom-website/drivers/E/ESTOCO01_Esteban_Ocon/estoco01.png.transform/1col/image.png,
1271,9888,43,F COLAPINTO,Franco COLAPINTO,COL,Alpine,00A1E8,Franco,Colapinto,,
1271,9888,44,L HAMILTON,Lewis HAMILTON,HAM,Ferrari,ED1131,Lewis,Hamilton,https://media.formula1.com/d_driver_fallback_image.png/content/dam/fom-website/drivers/L/LEWHAM01_Lewis_Hamilton/lewham01.png.transform/1col/image.png,
1271,9888,55,C SAINZ,Carlos SAINZ,SAI,Williams,1868DB,Carlos,Sainz,https://media.formula1.com/d_driver_fallback_image.png/content/dam/fom-website/drivers/C/CARSAI01_Carlos_Sainz/carsai01.png.transform/1col/image.png,
1271,9888,63,G RUSSELL,George RUSSELL,RUS,Mercedes,00D7B6,George,Russell,https://media.formula1.com/d_driver_fallback_image.png/content/dam/fom-website/drivers/G/GEORUS01_George_Russell/georus01.png.transform/1col/image.png,
1271,9888,81,O PIASTRI,Oscar PIASTRI,PIA,McLaren,F47600,Oscar,Piastri,https://media.formula1.com/d_driver_fallback_image.png/content/dam/fom-website/drivers/O/OSCPIA01_Oscar_Piastri/oscpia01.png.transform/1col/image.png,
1271,9888,87,O BEARMAN,Oliver BEARMAN,BEA,Haas F1 Team,9C9FA2,Oliver,Bearman,https://media.formula1.com/d_driver_fallback_image.png/content/dam/fom-website/drivers/O/OLIBEA01_Oliver_Bearman/olibea01.png.transform/1col/image.png,
